company_id,has_tracker,tracker_count,policy_disclosed,under_disclosure,over_disclosure,mismatch_label,industry,founding_year,employee_range,policy_length
MAN_0000,True,7,False,True,False,under_disclosure,fintech,2013,1001-5000,0
MAN_0003,True,25,False,True,False,under_disclosure,fintech,2014,11-50,311
MAN_0004,True,19,False,True,False,under_disclosure,fintech,2015,11-50,17267
MAN_0012,True,10,False,True,False,under_disclosure,fintech,2017,51-200,0
MAN_0014,True,2,False,True,False,under_disclosure,fintech,2019,51-200,27095
MAN_0016,True,11,False,True,False,under_disclosure,fintech,2019,11-50,50857
MAN_0021,True,31,True,False,False,none,ecommerce,2014,201-500,13620
MAN_0022,True,21,False,True,False,under_disclosure,ecommerce,2015,201-500,18965
MAN_0023,True,3,False,True,False,under_disclosure,ecommerce,2014,501-1000,6520
MAN_0024,True,11,False,True,False,under_disclosure,ecommerce,2015,1001-5000,8313
MAN_0025,True,6,False,True,False,under_disclosure,ecommerce,2011,51-200,18726
MAN_0028,True,19,True,False,False,none,edtech,2018,201-500,23009
MAN_0030,True,2,False,True,False,under_disclosure,edtech,2012,51-200,21865
MAN_0031,True,32,False,True,False,under_disclosure,edtech,2018,11-50,18679
MAN_0032,True,28,False,True,False,under_disclosure,edtech,2016,11-50,10721
MAN_0033,True,12,False,True,False,under_disclosure,edtech,2016,11-50,23734
MAN_0035,True,18,True,False,False,none,edtech,2018,51-200,9803
MAN_0036,True,13,False,True,False,under_disclosure,edtech,2016,51-200,25342
MAN_0038,True,7,False,True,False,under_disclosure,edtech,2010,201-500,45480
MAN_0040,True,37,False,True,False,under_disclosure,edtech,2014,201-500,9385
MAN_0041,True,12,True,False,False,none,edtech,2015,51-200,9474
MAN_0042,True,5,False,True,False,under_disclosure,edtech,2009,51-200,5711
MAN_0043,True,25,False,True,False,under_disclosure,edtech,2020,11-50,15744
MAN_0045,True,7,True,False,False,none,healthtech,2020,51-200,10782
MAN_0048,True,6,True,False,False,none,healthtech,2013,201-500,9923
MAN_0049,True,9,False,True,False,under_disclosure,healthtech,2014,51-200,11406
MAN_0050,True,8,False,True,False,under_disclosure,healthtech,2017,51-200,4313
MAN_0052,True,6,False,True,False,under_disclosure,healthtech,1996,201-500,497
MAN_0054,True,17,False,True,False,under_disclosure,saas,2014,201-500,0
MAN_0056,True,12,True,False,False,none,saas,2012,201-500,5352
MAN_0058,True,16,True,False,False,none,saas,2019,51-200,15354
MAN_0060,True,47,True,False,False,none,saas,2012,51-200,19703
MAN_0061,True,33,False,True,False,under_disclosure,saas,2015,201-500,31007
MAN_0062,True,5,True,False,False,none,saas,2011,201-500,13061
MAN_0064,True,21,False,True,False,under_disclosure,saas,2021,51-200,19963
MAN_0065,True,5,True,False,False,none,saas,2020,51-200,88827
MAN_0071,True,24,False,True,False,under_disclosure,saas,2016,51-200,5442
MAN_0074,True,3,False,True,False,under_disclosure,saas,2000,1001-5000,1336
MAN_0076,True,10,False,True,False,under_disclosure,saas,2019,201-500,10966
MAN_0078,True,17,True,False,False,none,logistics,2012,1001-5000,8921
MAN_0079,True,11,True,False,False,none,mobility,2011,1001-5000,13055
MAN_0080,True,10,False,True,False,under_disclosure,mobility,2018,201-500,19546
MAN_0082,True,6,False,True,False,under_disclosure,mobility,2017,501-1000,7282
MAN_0083,True,2,False,True,False,under_disclosure,media,2011,201-500,1590
MAN_0084,True,31,True,False,False,none,media,2013,51-200,9974
MAN_0085,True,7,False,True,False,under_disclosure,media,2012,51-200,33206
MAN_0087,True,18,False,True,False,under_disclosure,media,2009,201-500,22506
MAN_0088,True,35,False,True,False,under_disclosure,media,2016,201-500,0
MAN_0089,True,31,False,True,False,under_disclosure,media,2016,51-200,23228
MAN_0090,True,5,True,False,False,none,media,2014,501-1000,7953
MAN_0091,True,10,False,True,False,under_disclosure,media,2013,11-50,20
MAN_0092,True,2,False,True,False,under_disclosure,media,2021,501-1000,16675
MAN_0093,True,1,True,False,False,none,media,2010,201-500,16838
MAN_0094,True,5,False,True,False,under_disclosure,media,2016,11-50,678
MAN_0095,True,17,False,True,False,under_disclosure,media,2017,11-50,5269
MAN_0096,True,25,False,True,False,under_disclosure,proptech,2012,201-500,12383
MAN_0098,True,29,False,True,False,under_disclosure,proptech,2015,51-200,8442
MAN_0102,True,12,False,True,False,under_disclosure,foodtech,2012,501-1000,24
MAN_0104,True,14,True,False,False,none,foodtech,2012,51-200,8663
MAN_0105,True,12,False,True,False,under_disclosure,foodtech,2016,11-50,8798
MAN_0106,True,12,False,True,False,under_disclosure,gaming,1997,1001-5000,23549
MAN_0107,True,2,False,True,False,under_disclosure,gaming,1994,1001-5000,1108
MAN_0109,True,4,True,False,False,none,gaming,2002,1001-5000,7546
MAN_0110,True,4,False,True,False,under_disclosure,gaming,2016,501-1000,25706
MAN_0111,True,5,False,True,False,under_disclosure,gaming,2010,1001-5000,549
MAN_0112,True,4,False,True,False,under_disclosure,gaming,2009,201-500,3700
MAN_0113,True,9,False,True,False,under_disclosure,gaming,1998,501-1000,15903
MAN_0114,True,5,False,True,False,under_disclosure,gaming,2000,501-1000,14559
MAN_0115,True,4,True,False,False,none,gaming,2000,501-1000,47602
MSM_00043,True,3,True,False,False,none,saas,2023,,12215
MSM_00348,True,2,False,True,False,under_disclosure,saas,2023,,28
MSM_03142,True,12,False,True,False,under_disclosure,saas,2023,,2
MSM_03256,True,9,False,True,False,under_disclosure,saas,2023,,1156
MSM_04925,True,4,False,True,False,under_disclosure,saas,2023,,3749
MSM_06481,True,2,True,False,False,none,edtech,2023,,6844
MSM_10329,True,2,False,True,False,under_disclosure,saas,2023,,859
MSM_13255,True,7,False,True,False,under_disclosure,saas,2023,,6245
MSM_13389,True,3,False,True,False,under_disclosure,gaming,2023,,3490
MSM_13937,False,0,False,False,False,none,saas,2023,,10655
MSM_14045,True,9,False,True,False,under_disclosure,saas,2023,,10567
MSM_14243,True,37,False,True,False,under_disclosure,saas,2023,,2592
MSM_14504,True,5,False,True,False,under_disclosure,saas,2023,,5208
MSM_15375,True,28,False,True,False,under_disclosure,edtech,2023,,5308
MSM_15514,True,12,False,True,False,under_disclosure,edtech,2023,,10961
MSM_15846,True,40,False,True,False,under_disclosure,saas,2023,,12156
MSM_16051,True,17,False,True,False,under_disclosure,saas,2023,,8
MSM_16097,True,7,False,True,False,under_disclosure,saas,2023,,267
MSM_16208,True,18,False,True,False,under_disclosure,saas,2023,,818
MSM_16367,True,17,False,True,False,under_disclosure,saas,2023,,8
MSM_16515,True,10,False,True,False,under_disclosure,saas,2023,,4980
MSM_16533,True,3,False,True,False,under_disclosure,saas,2023,,2746
MSM_16597,True,6,False,True,False,under_disclosure,saas,2023,,6578
MSM_16697,True,12,False,True,False,under_disclosure,fintech,2023,,23734
MSM_16820,True,17,False,True,False,under_disclosure,saas,2023,,10616
MSM_16919,True,16,False,True,False,under_disclosure,foodtech,2023,,985
MSM_16996,True,3,False,True,False,under_disclosure,saas,2023,,990
MSM_17024,True,4,False,True,False,under_disclosure,saas,2023,,6154
MSM_17136,True,12,False,True,False,under_disclosure,saas,2023,,14294
MSM_17198,True,10,False,True,False,under_disclosure,saas,2023,,4980
MSM_17328,True,4,False,True,False,under_disclosure,saas,2023,,13389
MSM_17339,True,8,False,True,False,under_disclosure,healthtech,2023,,11903
MSM_17523,True,10,False,True,False,under_disclosure,saas,2023,,4980
MSM_17558,True,2,False,True,False,under_disclosure,saas,2023,,8361
MSM_17638,True,18,False,True,False,under_disclosure,media,2023,,6271
MSM_17720,True,6,False,True,False,under_disclosure,saas,2023,,233
MSM_18042,True,10,False,True,False,under_disclosure,saas,2023,,4614
MSM_18050,True,10,False,True,False,under_disclosure,saas,2023,,9535
MSM_18062,True,10,False,True,False,under_disclosure,saas,2023,,4980
MSM_18069,False,0,False,False,False,none,saas,2023,,82
MSM_18098,True,5,False,True,False,under_disclosure,saas,2023,,3595
MSM_18107,True,13,False,True,False,under_disclosure,saas,2023,,23734
MSM_18129,True,1,True,False,False,none,saas,2023,,28720
MSM_18147,True,31,False,True,False,under_disclosure,saas,2023,,8416
MSM_18177,True,10,False,True,False,under_disclosure,saas,2023,,1705
MSM_18192,True,7,False,True,False,under_disclosure,edtech,2023,,329
MSM_18213,True,23,False,True,False,under_disclosure,saas,2023,,6396
MSM_18276,True,4,False,True,False,under_disclosure,saas,2023,,629
MSM_18324,False,0,True,False,True,over_disclosure,saas,2023,,4558
MSM_18325,True,19,False,True,False,under_disclosure,saas,2023,,3622
MSM_18347,True,2,False,True,False,under_disclosure,saas,2023,,5190
MSM_18370,True,19,False,True,False,under_disclosure,healthtech,2023,,0
MSM_18394,True,10,True,False,False,none,saas,2023,,4180
MSM_18399,True,7,False,True,False,under_disclosure,saas,2023,,8073
MSM_18439,True,4,False,True,False,under_disclosure,fintech,2023,,3486
MSM_18442,False,0,False,False,False,none,saas,2023,,14260
MSM_18448,True,18,False,True,False,under_disclosure,saas,2023,,130
MSM_18452,False,0,False,False,False,none,saas,2023,,6208
MSM_18465,True,19,False,True,False,under_disclosure,media,2023,,3282
MSM_18523,True,30,False,True,False,under_disclosure,saas,2023,,56267
MSM_18525,True,4,False,True,False,under_disclosure,saas,2023,,575
MSM_18608,True,1,False,True,False,under_disclosure,saas,2023,,9879
MSM_18629,True,12,False,True,False,under_disclosure,saas,2023,,4261
MSM_18642,True,14,False,True,False,under_disclosure,healthtech,2023,,1922
MSM_18653,True,7,True,False,False,none,saas,2023,,3885
MSM_18679,True,14,False,True,False,under_disclosure,saas,2023,,1803
MSM_18699,False,0,False,False,False,none,saas,2023,,32
MSM_18714,True,17,False,True,False,under_disclosure,edtech,2023,,985
MSM_18741,True,8,False,True,False,under_disclosure,saas,2023,,1658
MSM_18761,True,7,False,True,False,under_disclosure,saas,2023,,1536
MSM_18763,True,19,False,True,False,under_disclosure,saas,2023,,4953
MSM_18772,True,3,False,True,False,under_disclosure,saas,2023,,8112
MSM_18775,True,16,True,False,False,none,saas,2023,,15354
MSM_18790,False,0,False,False,False,none,media,2023,,6816
MSM_18795,False,0,True,False,True,over_disclosure,healthtech,2023,,4351
MSM_18807,True,10,False,True,False,under_disclosure,saas,2023,,4980
MSM_18828,True,22,False,True,False,under_disclosure,saas,2023,,6243
MSM_18843,True,7,False,True,False,under_disclosure,saas,2023,,56
MSM_18849,True,4,False,True,False,under_disclosure,saas,2023,,10612
MSM_18863,True,14,True,False,False,none,media,2023,,5635
MSM_18880,True,8,False,True,False,under_disclosure,ecommerce,2023,,6230
MSM_18882,True,14,False,True,False,under_disclosure,saas,2023,,12264
MSM_18889,False,0,False,False,False,none,saas,2023,,9525
MSM_18913,False,0,False,False,False,none,gaming,2023,,52
MSM_18915,False,0,False,False,False,none,saas,2023,,348
MSM_18921,True,4,False,True,False,under_disclosure,saas,2023,,3481
MSM_18940,True,17,False,True,False,under_disclosure,media,2023,,1739
MSM_18943,True,28,False,True,False,under_disclosure,saas,2023,,2938
MSM_18963,True,27,False,True,False,under_disclosure,healthtech,2023,,6249
MSM_18965,True,6,False,True,False,under_disclosure,fintech,2023,,569
MSM_18978,True,24,False,True,False,under_disclosure,edtech,2023,,6249
MSM_18986,True,8,False,True,False,under_disclosure,saas,2023,,6032
MSM_18988,True,13,False,True,False,under_disclosure,saas,2023,,1317
MSM_18989,True,32,False,True,False,under_disclosure,media,2023,,2679
MSM_19008,True,8,False,True,False,under_disclosure,saas,2023,,0
MSM_19012,True,17,False,True,False,under_disclosure,saas,2023,,985
MSM_19022,True,15,False,True,False,under_disclosure,saas,2023,,6248
MSM_19028,True,3,True,False,False,none,saas,2023,,7011
MSM_19034,True,1,False,True,False,under_disclosure,saas,2023,,4367
MSM_19049,True,6,False,True,False,under_disclosure,saas,2023,,3090
MSM_19069,True,1,False,True,False,under_disclosure,saas,2023,,6879
MSM_19090,True,8,True,False,False,none,saas,2023,,1111
MSM_19113,True,11,False,True,False,under_disclosure,saas,2023,,3915
MSM_19139,True,7,False,True,False,under_disclosure,saas,2023,,6616
MSM_19141,True,7,False,True,False,under_disclosure,media,2023,,6560
MSM_19154,True,22,False,True,False,under_disclosure,saas,2023,,2057
MSM_19179,True,5,False,True,False,under_disclosure,healthtech,2023,,6178
MSM_19184,True,22,False,True,False,under_disclosure,saas,2023,,3202
MSM_19186,True,4,True,False,False,none,edtech,2023,,4578
MSM_19189,True,2,False,True,False,under_disclosure,saas,2023,,6230
MSM_19190,True,6,False,True,False,under_disclosure,saas,2023,,6156
MSM_19205,True,17,False,True,False,under_disclosure,media,2023,,6256
MSM_19216,True,3,False,True,False,under_disclosure,saas,2023,,4028
MSM_19222,True,8,False,True,False,under_disclosure,saas,2023,,1658
MSM_19235,True,4,False,True,False,under_disclosure,saas,2023,,1961
MSM_19293,True,5,False,True,False,under_disclosure,saas,2023,,17521
MSM_19297,True,1,False,True,False,under_disclosure,saas,2023,,4515
MSM_19302,True,17,False,True,False,under_disclosure,ecommerce,2023,,985
MSM_19303,True,1,False,True,False,under_disclosure,saas,2023,,1020
MSM_19316,True,7,False,True,False,under_disclosure,saas,2023,,6238
MSM_19334,True,13,False,True,False,under_disclosure,saas,2023,,7415
MSM_19346,True,15,False,True,False,under_disclosure,saas,2023,,1079
MSM_19357,False,0,False,False,False,none,proptech,2023,,10602
MSM_19365,True,20,False,True,False,under_disclosure,saas,2023,,4857
MSM_19378,True,27,False,True,False,under_disclosure,saas,2023,,6249
MSM_19384,True,3,False,True,False,under_disclosure,saas,2023,,1627
MSM_19385,True,1,False,True,False,under_disclosure,ecommerce,2023,,10522
MSM_19388,False,0,False,False,False,none,saas,2023,,320
MSM_19407,True,10,False,True,False,under_disclosure,foodtech,2023,,4980
MSM_19416,True,6,False,True,False,under_disclosure,saas,2024,,822
MSM_19426,True,18,False,True,False,under_disclosure,saas,2023,,11183
MSM_19429,False,0,False,False,False,none,saas,2023,,2799
MSM_19434,True,14,False,True,False,under_disclosure,saas,2023,,4982
MSM_19435,True,1,False,True,False,under_disclosure,saas,2023,,6879
MSM_19443,True,3,False,True,False,under_disclosure,saas,2023,,5306
MSM_19444,True,12,False,True,False,under_disclosure,logistics,2023,,23734
MSM_19478,True,1,False,True,False,under_disclosure,saas,2023,,0
MSM_19495,True,7,False,True,False,under_disclosure,media,2023,,911
MSM_19497,False,0,False,False,False,none,saas,2023,,2555
MSM_19501,True,19,False,True,False,under_disclosure,saas,2023,,4880
MSM_19509,True,1,False,True,False,under_disclosure,media,2023,,3955
MSM_19510,True,6,False,True,False,under_disclosure,saas,2023,,8803
MSM_19513,False,0,True,False,True,over_disclosure,saas,2024,,8351
MSM_19527,False,0,False,False,False,none,saas,2023,,2799
MSM_19537,True,14,False,True,False,under_disclosure,saas,2023,,5918
MSM_19539,True,18,False,True,False,under_disclosure,saas,2023,,5978
MSM_19550,True,4,False,True,False,under_disclosure,proptech,2023,,629
MSM_19561,True,6,False,True,False,under_disclosure,saas,2023,,166
MSM_19565,True,8,False,True,False,under_disclosure,saas,2023,,1202
MSM_19568,True,3,False,True,False,under_disclosure,saas,2023,,1222
MSM_19575,True,17,False,True,False,under_disclosure,saas,2023,,6231
MSM_19586,True,3,False,True,False,under_disclosure,saas,2023,,990
MSM_19590,True,8,False,True,False,under_disclosure,saas,2023,,23734
MSM_19591,True,2,False,True,False,under_disclosure,saas,2023,,6290
MSM_19602,True,44,False,True,False,under_disclosure,saas,2023,,19703
MSM_19609,True,35,False,True,False,under_disclosure,saas,2023,,604
MSM_19619,True,12,False,True,False,under_disclosure,saas,2023,,23734
MSM_19637,True,2,False,True,False,under_disclosure,saas,2023,,70
MSM_19639,False,0,False,False,False,none,saas,2023,,182
MSM_19640,False,0,False,False,False,none,saas,2023,,7492
MSM_19645,False,0,False,False,False,none,saas,2023,,1992
MSM_19659,True,3,False,True,False,under_disclosure,saas,2025,,60384
MSM_19667,True,10,False,True,False,under_disclosure,gaming,2023,,4980
MSM_19669,True,16,False,True,False,under_disclosure,saas,2023,,7728
MSM_19674,True,9,False,True,False,under_disclosure,saas,2023,,0
MSM_19681,True,11,False,True,False,under_disclosure,saas,2024,,6275
MSM_19685,True,15,True,False,False,none,ecommerce,2023,,1811
MSM_19687,True,17,False,True,False,under_disclosure,saas,2024,,6265
MSM_19706,True,11,False,True,False,under_disclosure,healthtech,2024,,6292
MSM_19717,True,20,False,True,False,under_disclosure,gaming,2023,,4857
MSM_19723,True,4,True,False,False,none,saas,2023,,7856
MSM_19736,True,10,False,True,False,under_disclosure,media,2023,,4980
MSM_19747,True,11,False,True,False,under_disclosure,saas,2023,,69
MSM_19750,True,3,False,True,False,under_disclosure,saas,2023,,0
MSM_19756,True,48,False,True,False,under_disclosure,saas,2023,,19703
MSM_19764,True,12,False,True,False,under_disclosure,media,2023,,23734
MSM_19772,False,0,False,False,False,none,healthtech,2023,,3322
MSM_19773,True,8,False,True,False,under_disclosure,saas,2023,,2628
MSM_19783,True,11,False,True,False,under_disclosure,saas,2023,,479
MSM_19787,False,0,False,False,False,none,saas,2023,,1768
MSM_19791,True,14,False,True,False,under_disclosure,saas,2023,,6351
MSM_19793,True,17,False,True,False,under_disclosure,saas,2024,,7057
MSM_19817,True,20,False,True,False,under_disclosure,saas,2023,,6414
MSM_19818,True,4,False,True,False,under_disclosure,saas,2023,,2424
MSM_19820,True,12,False,True,False,under_disclosure,edtech,2024,,4261
MSM_19829,True,47,True,False,False,none,saas,2024,,19703
MSM_19832,True,3,True,False,False,none,saas,2024,,13832
MSM_19833,False,0,False,False,False,none,saas,2023,,3481
MSM_19843,False,0,False,False,False,none,saas,2023,,4720
MSM_19848,False,0,True,False,True,over_disclosure,gaming,2023,,6911
MSM_19849,True,7,False,True,False,under_disclosure,saas,2023,,6414
MSM_19863,False,0,False,False,False,none,saas,2023,,3258
MSM_19867,True,1,False,True,False,under_disclosure,edtech,2023,,6879
MSM_19882,True,12,True,False,False,none,proptech,2023,,9009
MSM_19894,True,16,False,True,False,under_disclosure,saas,2024,,10947
MSM_19895,True,15,False,True,False,under_disclosure,saas,2023,,6240
MSM_19896,True,3,False,True,False,under_disclosure,saas,2023,,1748
MSM_19899,True,12,False,True,False,under_disclosure,saas,2024,,19856
MSM_19901,True,10,False,True,False,under_disclosure,media,2023,,4980
MSM_19913,True,6,True,False,False,none,saas,2023,,4185
MSM_19916,False,0,True,False,True,over_disclosure,media,2023,,10479
MSM_19919,True,3,False,True,False,under_disclosure,saas,2023,,5923
MSM_19920,True,5,False,True,False,under_disclosure,saas,2024,,739
MSM_19940,True,1,False,True,False,under_disclosure,saas,2023,,1919
MSM_19941,True,28,True,False,False,none,saas,2024,,14686
MSM_19947,True,13,False,True,False,under_disclosure,saas,2023,,0
MSM_19948,True,7,False,True,False,under_disclosure,fintech,2023,,1735
MSM_19966,True,4,True,False,False,none,saas,2024,,2993
MSM_19980,True,10,False,True,False,under_disclosure,saas,2023,,4980
MSM_19982,True,15,False,True,False,under_disclosure,saas,2023,,10229
MSM_19992,False,0,False,False,False,none,foodtech,2023,,2799
MSM_19993,True,10,False,True,False,under_disclosure,saas,2023,,4980
MSM_19997,True,15,False,True,False,under_disclosure,saas,2023,,130
MSM_20000,True,14,False,True,False,under_disclosure,saas,2023,,6396
MSM_20003,True,4,False,True,False,under_disclosure,saas,2023,,1687
MSM_20010,False,0,False,False,False,none,media,2023,,6205
MSM_20019,False,0,False,False,False,none,saas,2024,,50
MSM_20022,True,22,False,True,False,under_disclosure,saas,2023,,6243
MSM_20025,True,10,False,True,False,under_disclosure,saas,2024,,4980
MSM_20057,True,3,True,False,False,none,edtech,2023,,6323
MSM_20076,True,10,False,True,False,under_disclosure,saas,2023,,4980
MSM_20084,True,2,False,True,False,under_disclosure,ecommerce,2023,,883
MSM_20090,True,13,False,True,False,under_disclosure,saas,2023,,3743
MSM_20102,False,0,False,False,False,none,saas,2023,,6205
MSM_20119,True,19,False,True,False,under_disclosure,saas,2023,,0
MSM_20126,False,0,False,False,False,none,saas,2024,,2799
MSM_20141,True,2,False,True,False,under_disclosure,ecommerce,2023,,23734
MSM_20154,True,1,False,True,False,under_disclosure,media,2024,,4067
MSM_20158,True,1,False,True,False,under_disclosure,saas,2023,,4881
MSM_20165,True,7,False,True,False,under_disclosure,saas,2023,,193
MSM_20166,True,18,False,True,False,under_disclosure,media,2023,,3021
MSM_20169,True,9,False,True,False,under_disclosure,saas,2023,,6258
MSM_20183,True,5,False,True,False,under_disclosure,saas,2024,,9
MSM_20190,True,2,True,False,False,none,saas,2023,,6812
MSM_20205,True,7,False,True,False,under_disclosure,saas,2023,,6381
MSM_20210,True,35,False,True,False,under_disclosure,media,2023,,5892
MSM_20225,True,4,False,True,False,under_disclosure,saas,2023,,4556
MSM_20248,True,1,False,True,False,under_disclosure,saas,2023,,10749
MSM_20254,True,3,False,True,False,under_disclosure,saas,2023,,2035
MSM_20274,True,31,False,True,False,under_disclosure,media,2023,,917
MSM_20275,True,7,False,True,False,under_disclosure,saas,2023,,10368
MSM_20280,False,0,False,False,False,none,saas,2023,,9525
MSM_20281,True,12,False,True,False,under_disclosure,saas,2023,,3104
MSM_20291,True,16,True,False,False,none,saas,2023,,18437
MSM_20295,True,7,False,True,False,under_disclosure,gaming,2024,,9164
MSM_20310,False,0,False,False,False,none,saas,2023,,214
MSM_20319,True,12,False,True,False,under_disclosure,saas,2023,,23734
MSM_20323,True,12,False,True,False,under_disclosure,saas,2023,,23734
MSM_20330,True,3,True,False,False,none,edtech,2023,,5141
MSM_20332,True,10,True,False,False,none,saas,2023,,12488
MSM_20346,True,16,True,False,False,none,saas,2023,,5523
MSM_20386,True,10,False,True,False,under_disclosure,saas,2023,,4980
MSM_20393,False,0,False,False,False,none,ecommerce,2023,,4790
MSM_20397,False,0,False,False,False,none,saas,2023,,2799
MSM_20416,True,7,False,True,False,under_disclosure,gaming,2023,,6235
MSM_20425,True,11,False,True,False,under_disclosure,saas,2023,,858
MSM_20429,True,7,False,True,False,under_disclosure,gaming,2023,,9647
MSM_20439,True,10,False,True,False,under_disclosure,saas,2023,,43
MSM_20455,True,1,True,False,False,none,saas,2023,,6879
MSM_20456,True,13,False,True,False,under_disclosure,saas,2023,,23734
MSM_20463,True,5,False,True,False,under_disclosure,media,2023,,1047
MSM_20468,True,30,False,True,False,under_disclosure,saas,2023,,9
MSM_20480,True,6,False,True,False,under_disclosure,saas,2023,,569
MSM_20485,True,13,False,True,False,under_disclosure,gaming,2023,,7415
MSM_20488,True,3,False,True,False,under_disclosure,logistics,2023,,4396
MSM_20493,True,4,False,True,False,under_disclosure,saas,2023,,629
MSM_20494,True,8,False,True,False,under_disclosure,saas,2023,,6246
MSM_20497,True,4,False,True,False,under_disclosure,saas,2023,,6396
MSM_20504,True,10,False,True,False,under_disclosure,saas,2023,,4980
MSM_20515,True,1,False,True,False,under_disclosure,saas,2023,,40603
MSM_20531,True,14,False,True,False,under_disclosure,saas,2023,,14619
MSM_20537,False,0,False,False,False,none,fintech,2023,,6205
MSM_20544,True,6,False,True,False,under_disclosure,edtech,2023,,3251
MSM_20546,True,37,False,True,False,under_disclosure,saas,2023,,6247
MSM_20557,True,9,False,True,False,under_disclosure,saas,2023,,23734
MSM_20558,True,4,True,False,False,none,healthtech,2023,,16639
MSM_20561,True,13,True,False,False,none,gaming,2023,,5169
MSM_20568,False,0,False,False,False,none,saas,2024,,4971
MSM_20574,True,48,False,True,False,under_disclosure,gaming,2023,,6231
MSM_20579,True,14,False,True,False,under_disclosure,saas,2023,,5101
MSM_20606,True,9,False,True,False,under_disclosure,saas,2023,,3723
MSM_20625,True,10,False,True,False,under_disclosure,saas,2023,,751
MSM_20634,True,16,False,True,False,under_disclosure,saas,2023,,985
MSM_20638,True,10,False,True,False,under_disclosure,gaming,2023,,4980
MSM_20643,False,0,False,False,False,none,saas,2023,,2799
MSM_20674,False,0,False,False,False,none,saas,2023,,3722
MSM_20679,True,1,False,True,False,under_disclosure,saas,2023,,8388
MSM_20704,True,8,False,True,False,under_disclosure,saas,2023,,3335
MSM_20715,False,0,True,False,True,over_disclosure,gaming,2023,,21445
MSM_20742,True,10,False,True,False,under_disclosure,gaming,2023,,4980
MSM_20756,False,0,False,False,False,none,saas,2023,,88
MSM_20775,True,3,True,False,False,none,saas,2023,,2481
MSM_20785,True,13,False,True,False,under_disclosure,saas,2023,,3743
MSM_20794,False,0,False,False,False,none,saas,2023,,2799
MSM_20814,True,10,False,True,False,under_disclosure,ecommerce,2023,,4980
MSM_20818,True,2,True,False,False,none,saas,2023,,23260
MSM_20834,True,14,False,True,False,under_disclosure,ecommerce,2023,,2737
MSM_20849,True,6,False,True,False,under_disclosure,saas,2023,,1971
MSM_20855,True,48,True,False,False,none,saas,2023,,4832
MSM_20857,False,0,False,False,False,none,saas,2023,,856
MSM_20862,True,1,False,True,False,under_disclosure,saas,2023,,10506
MSM_20869,True,18,False,True,False,under_disclosure,saas,2023,,2076
MSM_20893,True,4,False,True,False,under_disclosure,saas,2023,,81
MSM_20905,True,2,False,True,False,under_disclosure,saas,2023,,379
MSM_20928,False,0,False,False,False,none,saas,2023,,14193
MSM_20947,True,14,False,True,False,under_disclosure,media,2024,,2737
MSM_20955,True,17,False,True,False,under_disclosure,saas,2023,,0
MSM_20975,True,20,False,True,False,under_disclosure,fintech,2024,,4886
MSM_20978,True,17,False,True,False,under_disclosure,saas,2023,,1657
MSM_20982,True,15,False,True,False,under_disclosure,saas,2023,,6248
MSM_20994,True,2,True,False,False,none,saas,2023,,12246
MSM_21008,True,24,False,True,False,under_disclosure,saas,2023,,11998
MSM_21011,False,0,False,False,False,none,media,2023,,4565
MSM_21016,True,12,False,True,False,under_disclosure,saas,2023,,23734
MSM_21022,True,6,True,False,False,none,saas,2023,,16082
MSM_21025,True,1,False,True,False,under_disclosure,saas,2023,,95
MSM_21043,False,0,False,False,False,none,ecommerce,2023,,1377
MSM_21054,True,4,False,True,False,under_disclosure,ecommerce,2023,,7564
MSM_21056,True,6,False,True,False,under_disclosure,saas,2023,,3163
MSM_21085,True,16,False,True,False,under_disclosure,saas,2023,,7728
MSM_21099,True,9,False,True,False,under_disclosure,saas,2023,,5117
MSM_21109,True,67,False,True,False,under_disclosure,saas,2023,,0
MSM_21128,False,0,False,False,False,none,media,2023,,5322
MSM_21129,True,1,True,False,False,none,logistics,2023,,13744
MSM_21142,True,10,False,True,False,under_disclosure,saas,2023,,766
MSM_21145,False,0,False,False,False,none,saas,2024,,806
MSM_21175,False,0,True,False,True,over_disclosure,saas,2023,,11647
MSM_21184,True,2,True,False,False,none,saas,2023,,17708
MSM_21201,True,39,True,False,False,none,media,2023,,4075
MSM_21216,True,10,False,True,False,under_disclosure,saas,2023,,6294
MSM_21222,True,6,True,False,False,none,saas,2023,,5638
MSM_21257,True,5,False,True,False,under_disclosure,saas,2023,,2751
MSM_21262,True,5,False,True,False,under_disclosure,healthtech,2024,,5185
MSM_21273,True,6,False,True,False,under_disclosure,logistics,2023,,244
MSM_21284,True,20,False,True,False,under_disclosure,saas,2023,,1674
MSM_21315,False,0,False,False,False,none,saas,2023,,743
MSM_21318,True,4,False,True,False,under_disclosure,saas,2023,,2579
MSM_21320,True,1,False,True,False,under_disclosure,saas,2023,,1398
MSM_21321,True,5,False,True,False,under_disclosure,saas,2023,,7816
MSM_21324,True,24,False,True,False,under_disclosure,saas,2023,,6520
MSM_21334,True,28,False,True,False,under_disclosure,saas,2023,,5308
MSM_21337,False,0,False,False,False,none,saas,2023,,1038
MSM_21347,False,0,False,False,False,none,edtech,2023,,2799
MSM_21350,True,14,False,True,False,under_disclosure,saas,2023,,5010
MSM_21353,False,0,False,False,False,none,saas,2023,,10717
MSM_21364,True,6,False,True,False,under_disclosure,healthtech,2024,,6154
MSM_21367,False,0,False,False,False,none,healthtech,2023,,354
MSM_21372,True,4,False,True,False,under_disclosure,saas,2023,,56
MSM_21375,True,16,False,True,False,under_disclosure,saas,2023,,6466
MSM_21379,True,6,False,True,False,under_disclosure,saas,2023,,3251
MSM_21394,True,34,False,True,False,under_disclosure,edtech,2023,,589
MSM_21404,False,0,False,False,False,none,saas,2023,,997
MSM_21420,True,7,False,True,False,under_disclosure,saas,2023,,6245
MSM_21427,True,18,False,True,False,under_disclosure,saas,2023,,2076
MSM_21430,True,14,False,True,False,under_disclosure,saas,2023,,2372
MSM_21432,True,1,False,True,False,under_disclosure,saas,2024,,1571
MSM_21433,False,0,False,False,False,none,saas,2023,,145
MSM_21442,True,14,False,True,False,under_disclosure,saas,2023,,1846
MSM_21448,True,15,False,True,False,under_disclosure,saas,2023,,1579
MSM_21452,True,14,False,True,False,under_disclosure,saas,2023,,6263
MSM_21454,True,9,False,True,False,under_disclosure,saas,2023,,4265
MSM_21495,False,0,False,False,False,none,saas,2023,,2799
MSM_21501,True,14,False,True,False,under_disclosure,saas,2023,,1731
MSM_21523,True,15,False,True,False,under_disclosure,saas,2023,,1091
MSM_21528,True,5,False,True,False,under_disclosure,saas,2023,,93
MSM_21537,True,31,False,True,False,under_disclosure,saas,2023,,20912
MSM_21547,True,2,False,True,False,under_disclosure,proptech,2023,,162
MSM_21559,True,2,False,True,False,under_disclosure,saas,2023,,12632
MSM_21571,True,9,False,True,False,under_disclosure,proptech,2023,,425
MSM_21574,True,3,False,True,False,under_disclosure,ecommerce,2023,,1791
MSM_21593,True,20,True,False,False,none,saas,2023,,6639
MSM_21598,True,4,True,False,False,none,saas,2023,,2608
MSM_21613,True,13,True,False,False,none,saas,2023,,6379
MSM_21616,True,4,False,True,False,under_disclosure,edtech,2023,,12844
MSM_21620,True,25,False,True,False,under_disclosure,saas,2023,,6414
MSM_21624,False,0,False,False,False,none,healthtech,2023,,11095
MSM_21685,True,2,False,True,False,under_disclosure,edtech,2023,,13534
MSM_21687,True,14,False,True,False,under_disclosure,media,2023,,4997
MSM_21700,True,13,False,True,False,under_disclosure,saas,2023,,24167
MSM_21703,True,13,True,False,False,none,saas,2023,,4643
MSM_21710,True,18,False,True,False,under_disclosure,gaming,2023,,6520
MSM_21716,True,14,False,True,False,under_disclosure,saas,2023,,3504
MSM_21727,True,5,False,True,False,under_disclosure,saas,2024,,228
MSM_21728,True,9,False,True,False,under_disclosure,saas,2023,,3425
MSM_21737,False,0,False,False,False,none,saas,2023,,227
MSM_21738,True,4,False,True,False,under_disclosure,healthtech,2023,,277
MSM_21748,True,16,False,True,False,under_disclosure,saas,2023,,8426
MSM_21758,True,18,False,True,False,under_disclosure,saas,2023,,19605
MSM_21761,True,24,False,True,False,under_disclosure,saas,2024,,0
MSM_21768,True,3,False,True,False,under_disclosure,saas,2023,,5480
MSM_21788,False,0,False,False,False,none,saas,2023,,6205
MSM_21791,True,20,True,False,False,none,saas,2023,,6639
MSM_21820,True,9,False,True,False,under_disclosure,saas,2023,,13099
MSM_21826,True,6,False,True,False,under_disclosure,gaming,2023,,30214
MSM_21838,True,6,False,True,False,under_disclosure,foodtech,2023,,2731
MSM_21839,True,13,False,True,False,under_disclosure,saas,2023,,3941
MSM_21842,True,5,False,True,False,under_disclosure,saas,2023,,251
MSM_21843,True,32,False,True,False,under_disclosure,saas,2023,,3212
MSM_21856,True,18,False,True,False,under_disclosure,saas,2024,,12093
MSM_21866,True,15,False,True,False,under_disclosure,saas,2023,,4066
MSM_21875,False,0,False,False,False,none,saas,2023,,5563
MSM_21876,True,10,False,True,False,under_disclosure,gaming,2023,,4980
MSM_21901,True,15,False,True,False,under_disclosure,saas,2023,,803
MSM_21904,True,10,False,True,False,under_disclosure,saas,2023,,4980
MSM_21919,True,21,True,False,False,none,saas,2023,,3507
MSM_21934,True,7,False,True,False,under_disclosure,saas,2023,,4726
MSM_21935,True,1,False,True,False,under_disclosure,saas,2023,,3534
MSM_21944,True,5,False,True,False,under_disclosure,saas,2023,,1764
MSM_21946,True,11,False,True,False,under_disclosure,saas,2023,,6275
MSM_21951,True,2,False,True,False,under_disclosure,saas,2024,,1575
MSM_21952,False,0,False,False,False,none,proptech,2023,,1388
MSM_21970,True,3,False,True,False,under_disclosure,saas,2023,,654
MSM_21978,True,1,False,True,False,under_disclosure,saas,2023,,2592
MSM_21979,False,0,False,False,False,none,saas,2023,,509
MSM_21980,True,6,False,True,False,under_disclosure,saas,2023,,2184
MSM_21981,True,4,False,True,False,under_disclosure,saas,2023,,0
MSM_21991,True,1,False,True,False,under_disclosure,saas,2023,,3231
MSM_21992,True,12,False,True,False,under_disclosure,saas,2023,,60380
MSM_21996,True,15,False,True,False,under_disclosure,saas,2023,,7638
MSM_22012,True,16,False,True,False,under_disclosure,saas,2023,,75
MSM_22013,True,31,False,True,False,under_disclosure,media,2023,,7600
MSM_22020,True,1,False,True,False,under_disclosure,saas,2023,,4799
MSM_22026,True,3,False,True,False,under_disclosure,saas,2023,,3229
MSM_22034,False,0,False,False,False,none,saas,2023,,50
MSM_22040,True,18,False,True,False,under_disclosure,saas,2024,,6427
MSM_22054,True,15,False,True,False,under_disclosure,saas,2023,,130
MSM_22064,False,0,False,False,False,none,saas,2023,,6200
MSM_22084,True,12,False,True,False,under_disclosure,saas,2023,,23734
MSM_22087,True,4,False,True,False,under_disclosure,saas,2023,,2924
MSM_22099,True,13,False,True,False,under_disclosure,media,2023,,23734
MSM_22109,True,9,False,True,False,under_disclosure,media,2023,,9
MSM_22121,True,13,False,True,False,under_disclosure,saas,2023,,61164
MSM_22137,True,14,False,True,False,under_disclosure,saas,2023,,2737
MSM_22142,True,3,False,True,False,under_disclosure,saas,2023,,3391
MSM_22146,True,12,False,True,False,under_disclosure,saas,2023,,1729
MSM_22157,True,3,False,True,False,under_disclosure,saas,2023,,322
MSM_22164,True,10,False,True,False,under_disclosure,gaming,2023,,6234
MSM_22173,True,17,False,True,False,under_disclosure,saas,2023,,985
MSM_22183,True,3,False,True,False,under_disclosure,saas,2023,,284
MSM_22197,True,1,False,True,False,under_disclosure,edtech,2023,,14173
MSM_22205,True,9,False,True,False,under_disclosure,gaming,2023,,9070
MSM_22220,True,2,False,True,False,under_disclosure,gaming,2023,,6230
MSM_22245,True,11,True,False,False,none,healthtech,2023,,5678
MSM_22247,True,11,False,True,False,under_disclosure,saas,2024,,1203
MSM_22256,True,8,False,True,False,under_disclosure,gaming,2023,,3775
MSM_22261,True,16,True,False,False,none,fintech,2023,,5523
MSM_22265,True,13,False,True,False,under_disclosure,saas,2023,,23734
MSM_22287,True,31,True,False,False,none,saas,2023,,10426
MSM_22292,True,1,False,True,False,under_disclosure,saas,2023,,86
MSM_22310,True,7,False,True,False,under_disclosure,saas,2023,,6226
MSM_22313,True,11,False,True,False,under_disclosure,logistics,2023,,6252
MSM_22314,True,8,True,False,False,none,saas,2023,,5895
MSM_22315,True,4,False,True,False,under_disclosure,healthtech,2023,,13389
MSM_22324,True,40,False,True,False,under_disclosure,saas,2023,,258
MSM_22327,True,23,False,True,False,under_disclosure,saas,2023,,0
MSM_22328,True,17,False,True,False,under_disclosure,saas,2023,,109
MSM_22332,True,6,False,True,False,under_disclosure,saas,2023,,116
