company_id,name,url,industry,founding_year,employee_range,sources,collection_date
MAN_0000,토스,https://toss.im,fintech,2013,1001-5000,manual,2026-04-24
MAN_0001,뱅크샐러드,https://banksalad.com,fintech,2012,201-500,manual,2026-04-24
MAN_0002,핀다,https://finda.co.kr,fintech,2015,51-200,manual,2026-04-24
MAN_0003,8퍼센트,https://8percent.kr,fintech,2014,11-50,manual,2026-04-24
MAN_0004,어니스트펀드,https://honestfund.kr,fintech,2015,11-50,manual,2026-04-24
MAN_0005,피플펀드,https://peoplefund.co.kr,fintech,2015,51-200,manual,2026-04-24
MAN_0006,카카오페이,https://www.kakaopay.com,fintech,2014,501-1000,manual,2026-04-24
MAN_0007,코인원,https://coinone.co.kr,fintech,2014,201-500,manual,2026-04-24
MAN_0008,업비트,https://upbit.com,fintech,2017,201-500,manual,2026-04-24
MAN_0009,빗썸,https://www.bithumb.com,fintech,2013,201-500,manual,2026-04-24
MAN_0010,두나무,https://dunamu.com,fintech,2012,201-500,manual,2026-04-24
MAN_0011,코빗,https://www.korbit.co.kr,fintech,2013,51-200,manual,2026-04-24
MAN_0012,고팍스,https://www.gopax.co.kr,fintech,2017,51-200,manual,2026-04-24
MAN_0013,파운트,https://fount.one,fintech,2016,51-200,manual,2026-04-24
MAN_0014,핀크,https://www.finnq.com,fintech,2019,51-200,manual,2026-04-24
MAN_0015,스트리미,https://streami.co,fintech,2016,11-50,manual,2026-04-24
MAN_0016,해빗팩토리,https://www.habitfactory.co,fintech,2019,11-50,manual,2026-04-24
MAN_0017,무신사,https://www.musinsa.com,ecommerce,2001,1001-5000,manual,2026-04-24
MAN_0018,오늘의집,https://ohou.se,ecommerce,2014,501-1000,manual,2026-04-24
MAN_0019,마켓컬리,https://www.kurly.com,ecommerce,2015,1001-5000,manual,2026-04-24
MAN_0020,에이블리,https://a-bly.com,ecommerce,2018,201-500,manual,2026-04-24
MAN_0021,브랜디,https://www.brandi.co.kr,ecommerce,2014,201-500,manual,2026-04-24
MAN_0022,지그재그,https://zigzag.kr,ecommerce,2015,201-500,manual,2026-04-24
MAN_0023,버킷플레이스,https://bucketplace.com,ecommerce,2014,501-1000,manual,2026-04-24
MAN_0024,당근마켓,https://www.daangn.com,ecommerce,2015,1001-5000,manual,2026-04-24
MAN_0025,번개장터,https://www.bunjang.co.kr,ecommerce,2011,51-200,manual|msme,2026-04-24
MAN_0026,와디즈,https://www.wadiz.kr,ecommerce,2012,201-500,manual,2026-04-24
MAN_0027,텀블벅,https://tumblbug.com,ecommerce,2011,11-50,manual,2026-04-24
MAN_0028,클래스101,https://class101.net,edtech,2018,201-500,manual,2026-04-24
MAN_0029,매스프레소,https://mathpresso.com,edtech,2015,201-500,manual,2026-04-24
MAN_0030,에누마,https://enuma.com,edtech,2012,51-200,manual,2026-04-24
MAN_0031,스터디파이,https://studypie.co,edtech,2018,11-50,manual,2026-04-24
MAN_0032,탈잉,https://taling.me,edtech,2016,11-50,manual,2026-04-24
MAN_0033,링커리어,https://linkareer.com,edtech,2016,11-50,manual,2026-04-24
MAN_0034,팀스파르타,https://teamsparta.co,edtech,2019,51-200,manual,2026-04-24
MAN_0035,코드스테이츠,https://codestates.com,edtech,2018,51-200,manual,2026-04-24
MAN_0036,엘리스,https://elice.io,edtech,2016,51-200,manual,2026-04-24
MAN_0037,뤼이드,https://riiid.co,edtech,2014,201-500,manual,2026-04-24
MAN_0038,스마트스터디,https://www.smartstudy.co.kr,edtech,2010,201-500,manual,2026-04-24
MAN_0039,스픽,https://www.speak.com,edtech,2016,51-200,manual,2026-04-24
MAN_0040,패스트캠퍼스,https://fastcampus.co.kr,edtech,2014,201-500,manual,2026-04-24
MAN_0041,모두의연구소,https://modulabs.co.kr,edtech,2015,51-200,manual,2026-04-24
MAN_0042,와이즈멘토,https://wisementor.net,edtech,2009,51-200,manual,2026-04-24
MAN_0043,제로베이스,https://zero-base.co.kr,edtech,2020,11-50,manual,2026-04-24
MAN_0044,굿닥,https://www.goodoc.co.kr,healthtech,2012,201-500,manual,2026-04-24
MAN_0045,닥터나우,https://doctornow.co.kr,healthtech,2020,51-200,manual,2026-04-24
MAN_0046,힐링페이퍼,https://healingpaper.com,healthtech,2015,201-500,manual,2026-04-24
MAN_0047,필라이즈,https://pillarise.com,healthtech,2019,11-50,manual,2026-04-24
MAN_0048,루닛,https://lunit.io,healthtech,2013,201-500,manual|msme,2026-04-24
MAN_0049,뷰노,https://www.vuno.co,healthtech,2014,51-200,manual,2026-04-24
MAN_0050,딥노이드,https://deepnoid.com,healthtech,2017,51-200,manual,2026-04-24
MAN_0051,닥터다이어리,https://www.doctordiary.co.kr,healthtech,2017,51-200,manual,2026-04-24
MAN_0052,인바디,https://www.inbody.com,healthtech,1996,201-500,manual,2026-04-24
MAN_0053,메디블록,https://medibloc.org,healthtech,2017,11-50,manual,2026-04-24
MAN_0054,채널코퍼레이션,https://channel.io,saas,2014,201-500,manual,2026-04-24
MAN_0055,드라마앤컴퍼니,https://www.remember.co.kr,saas,2012,201-500,manual,2026-04-24
MAN_0056,버즈빌,https://buzzvil.com,saas,2012,201-500,manual,2026-04-24
MAN_0057,두들링,https://doodlin.io,saas,2020,11-50,manual,2026-04-24
MAN_0058,플렉스,https://flex.team,saas,2019,51-200,manual,2026-04-24
MAN_0059,원티드랩,https://www.wantedlab.com,saas,2015,201-500,manual,2026-04-24
MAN_0060,크몽,https://kmong.com,saas,2012,51-200,manual|msme,2026-04-24
MAN_0061,숨고,https://soomgo.com,saas,2015,201-500,manual,2026-04-24
MAN_0062,아이지에이웍스,https://www.igaworks.com,saas,2011,201-500,manual,2026-04-24
MAN_0063,스캐터랩,https://scatterlab.co.kr,saas,2012,51-200,manual,2026-04-24
MAN_0064,뤼튼테크놀로지스,https://wrtn.ai,saas,2021,51-200,manual,2026-04-24
MAN_0065,업스테이지,https://upstage.ai,saas,2020,51-200,manual,2026-04-24
MAN_0066,솔트룩스,https://www.saltluxinno.com,saas,2000,201-500,manual,2026-04-24
MAN_0067,포티투마루,https://42maru.com,saas,2017,51-200,manual,2026-04-24
MAN_0068,카카오브레인,https://kakaobrain.com,saas,2017,201-500,manual,2026-04-24
MAN_0069,셀바스AI,https://www.selvasai.com,saas,2000,201-500,manual,2026-04-24
MAN_0070,마음AI,https://maum.ai,saas,2016,51-200,manual,2026-04-24
MAN_0071,알체라,https://alchera.ai,saas,2016,51-200,manual|msme,2026-04-24
MAN_0072,오피스너,https://officener.com,saas,2020,11-50,manual,2026-04-24
MAN_0073,팀블라인드,https://www.teamblind.com,saas,2013,201-500,manual,2026-04-24
MAN_0074,NHN,https://www.nhn.com,saas,2000,1001-5000,manual,2026-04-24
MAN_0075,라인플러스,https://linepluscorp.com,saas,2013,1001-5000,manual,2026-04-24
MAN_0076,카카오엔터프라이즈,https://www.kakaoenterprise.com,saas,2019,201-500,manual,2026-04-24
MAN_0077,SK플래닛,https://www.skplanet.com,saas,2011,501-1000,manual,2026-04-24
MAN_0078,메쉬코리아,https://vroong.com,logistics,2012,1001-5000,manual,2026-04-24
MAN_0079,쏘카,https://www.socar.kr,mobility,2011,1001-5000,manual,2026-04-24
MAN_0080,타다,https://tadatada.com,mobility,2018,201-500,manual,2026-04-24
MAN_0081,파킹클라우드,https://www.parkingcloud.co.kr,mobility,2012,51-200,manual,2026-04-24
MAN_0082,카카오모빌리티,https://www.kakaomobility.com,mobility,2017,501-1000,manual,2026-04-24
MAN_0083,왓챠,https://watcha.com,media,2011,201-500,manual,2026-04-24
MAN_0084,레진코믹스,https://www.lezhin.com,media,2013,51-200,manual,2026-04-24
MAN_0085,플리토,https://www.flitto.com,media,2012,51-200,manual,2026-04-24
MAN_0086,스푼라디오,https://www.spoonradio.co,media,2015,201-500,manual,2026-04-24
MAN_0087,리디,https://ridibooks.com,media,2009,201-500,manual,2026-04-24
MAN_0088,밀리의서재,https://www.millie.co.kr,media,2016,201-500,manual,2026-04-24
MAN_0089,퍼블리,https://publy.co,media,2016,51-200,manual,2026-04-24
MAN_0090,하이퍼커넥트,https://hyperconnect.com,media,2014,501-1000,manual,2026-04-24
MAN_0091,팟빵,https://www.podbbang.com,media,2013,11-50,manual,2026-04-24
MAN_0092,카카오엔터테인먼트,https://www.kakaoent.com,media,2021,501-1000,manual,2026-04-24
MAN_0093,더핑크퐁컴퍼니,https://www.pinkfong.com,media,2010,201-500,manual,2026-04-24
MAN_0094,플라이북,https://flybook.kr,media,2016,11-50,manual,2026-04-24
MAN_0095,북저널리즘,https://bookjournalism.com,media,2017,11-50,manual,2026-04-24
MAN_0096,다방,https://www.dabangapp.com,proptech,2012,201-500,manual,2026-04-24
MAN_0097,호갱노노,https://hogangnono.com,proptech,2016,51-200,manual,2026-04-24
MAN_0098,집닥,https://zipdoc.co.kr,proptech,2015,51-200,manual,2026-04-24
MAN_0099,직방,https://www.zigbang.com,proptech,2010,501-1000,manual,2026-04-24
MAN_0100,야놀자,https://www.yanolja.com,other,2005,1001-5000,manual,2026-04-24
MAN_0101,배달의민족,https://www.baemin.com,foodtech,2010,1001-5000,manual,2026-04-24
MAN_0102,요기요,https://www.yogiyo.co.kr,foodtech,2012,501-1000,manual,2026-04-24
MAN_0103,쿠팡이츠,https://www.coupangeats.com,foodtech,2019,201-500,manual,2026-04-24
MAN_0104,식신,https://siksinhot.com,foodtech,2012,51-200,manual,2026-04-24
MAN_0105,테이블매니저,https://tablemanager.io,foodtech,2016,11-50,manual,2026-04-24
MAN_0106,엔씨소프트,https://www.ncsoft.com,gaming,1997,1001-5000,manual,2026-04-24
MAN_0107,넥슨코리아,https://company.nexon.com,gaming,1994,1001-5000,manual,2026-04-24
MAN_0108,크래프톤,https://www.krafton.com,gaming,2007,1001-5000,manual,2026-04-24
MAN_0109,스마일게이트,https://smilegate.com,gaming,2002,1001-5000,manual,2026-04-24
MAN_0110,카카오게임즈,https://www.kakaogames.com,gaming,2016,501-1000,manual,2026-04-24
MAN_0111,펄어비스,https://www.pearlabyss.com,gaming,2010,1001-5000,manual,2026-04-24
MAN_0112,데브시스터즈,https://www.devsisters.com,gaming,2009,201-500,manual,2026-04-24
MAN_0113,컴투스,https://www.com2us.com,gaming,1998,501-1000,manual,2026-04-24
MAN_0114,위메이드,https://www.wemade.com,gaming,2000,501-1000,manual,2026-04-24
MAN_0115,웹젠,https://www.webzen.com,gaming,2000,501-1000,manual,2026-04-24
MAN_0116,그라비티,https://www.gravity.co.kr,gaming,2000,201-500,manual,2026-04-24
MSM_00043,디플리,https://deeplyinc.com,saas,2023,,msme,2026-04-24
MSM_00079,제민아이티,,saas,2023,,msme,2026-04-24
MSM_00333,리버밴스,https://libervance.com,saas,2023,,msme,2026-04-24
MSM_00348,루켄,http://www.luken.co.kr,saas,2023,,msme,2026-04-24
MSM_00601,비멕스,http://www.gcbmax.co.kr,saas,2023,,msme,2026-04-24
MSM_00827,레디포스트,https://www.sankun.com,saas,2023,,msme,2026-04-24
MSM_01201,오디토,http://www.soritech.com,saas,2023,,msme,2026-04-24
MSM_01586,아이네블루메,http://www.k-illustrationfair.com,saas,2023,,msme,2026-04-24
MSM_03142,도음,https://www.wegive.co.kr,saas,2023,,msme,2026-04-24
MSM_03256,스마트해썹앤팩토리,https://smarthaccp.net,saas,2023,,msme,2026-04-24
MSM_03980,지엔,http://www.globalneocorp.com,saas,2023,,msme,2026-04-24
MSM_04925,지아소프트,https://jiasoft.kr,saas,2023,,msme,2026-04-24
MSM_04963,비엠씨랩,https://www.teamblind.com,saas,2023,,msme,2026-04-24
MSM_05380,똑똑한개발자,https://www.toktokhan.dev,saas,2023,,msme,2026-04-24
MSM_05547,미러,https://www.speechmirror.com,media,2023,,msme,2026-04-24
MSM_05567,에이알브릿지,https://www.kjebi.com,media,2023,,msme,2026-04-24
MSM_06481,파이브웍스,https://naver.worksmobile.com,edtech,2023,,msme,2026-04-24
MSM_07410,에이앤티솔루션,https://www.jobplanet.co.kr,saas,2023,,msme,2026-04-24
MSM_08429,루벤티스,https://lubentis.com,logistics,2023,,msme,2026-04-24
MSM_09730,산들네트웍스,http://www.sandeul.co.kr,media,2023,,msme,2026-04-24
MSM_09959,오르비스 파브리카,https://www.bufs.ac.kr,saas,2023,,msme,2026-04-24
MSM_09965,테이블에이아이,,saas,2023,,msme,2026-04-24
MSM_10115,포헬스,http://4healthgo.com,saas,2023,,msme,2026-04-24
MSM_10239,대리의신,https://www.drivegod.co.kr,saas,2023,,msme,2026-04-24
MSM_10329,더블엠소셜컴퍼니,https://www.doublemsc.kr,saas,2023,,msme,2026-04-24
MSM_10630,런코리안인코리안,https://www.edaily.co.kr,edtech,2023,,msme,2026-04-24
MSM_10700,아이비로시스템,https://www.ibro.co.kr:500,saas,2023,,msme,2026-04-24
MSM_11010,인라이플,https://www.enliple.com,saas,2023,,msme,2026-04-24
MSM_11033,앱캐모,http://neutral.urusei.net,saas,2023,,msme,2026-04-24
MSM_11290,커넥트아이,https://www.ictway.co.kr,healthtech,2023,,msme,2026-04-24
MSM_11498,리턴,https://playeternalreturn.com,saas,2023,,msme,2026-04-24
MSM_12366,디지털커브,http://www.digitalcurve.co.kr,saas,2023,,msme,2026-04-24
MSM_12581,퓨처젠 씨플래닛,https://www.futuregen-cp.co.kr,saas,2023,,msme,2026-04-24
MSM_13069,큐패스코리아,http://home.qpasskorea.kr,saas,2023,,msme,2026-04-24
MSM_13255,레이첼블루,https://www.gametoc.co.kr,saas,2023,,msme,2026-04-24
MSM_13389,머플,https://maplbooks.cafe24.com,gaming,2023,,msme,2026-04-24
MSM_13937,크레오티,https://career.cdu.ac.kr,saas,2023,,msme,2026-04-24
MSM_14045,올리고컴퍼니,https://oligocompany.com,saas,2023,,msme,2026-04-24
MSM_14243,위트소프트,https://www.nike.com,saas,2023,,msme,2026-04-24
MSM_14311,엠아이티,http://mitsoft.co.kr,saas,2023,,msme,2026-04-24
MSM_14477,센텀인터넷,https://www.gamecoach.pro,saas,2023,,msme,2026-04-24
MSM_14504,"아이센트릭(iCentric Co.,Ltd.)",https://www.icentric.co.kr,saas,2023,,msme,2026-04-24
MSM_14787,더이노베이터스,https://theinnovators.zone,saas,2023,,msme,2026-04-24
MSM_14810,다산카이스,https://www.mt.co.kr,saas,2023,,msme,2026-04-24
MSM_15375,태사자,https://www.fnnews.com,edtech,2023,,msme,2026-04-24
MSM_15514,콘텐츠쿡,https://bomcooksikdang.com,edtech,2023,,msme,2026-04-24
MSM_15846,만개의레시피,https://www.10000recipe.com,saas,2023,,msme,2026-04-24
MSM_16051,비로컬,https://dealsite.co.kr,saas,2023,,msme,2026-04-24
MSM_16097,에이지솔루션즈,https://yoora.mynuskin.co.kr,saas,2023,,msme,2026-04-24
MSM_16208,경리법인 일조,http://www.casenews.co.kr,saas,2023,,msme,2026-04-24
MSM_16367,랩투아이,https://dealsite.co.kr,saas,2023,,msme,2026-04-24
MSM_16515,제이아이엔시스템,https://www.114.co.kr,saas,2023,,msme,2026-04-24
MSM_16533,이아이씨엔,https://www.eicn.co.kr,saas,2023,,msme,2026-04-24
MSM_16597,도움이티에스,https://www.web2002.co.kr,saas,2023,,msme,2026-04-24
MSM_16697,아이비베리,https://linkareer.com,fintech,2023,,msme,2026-04-24
MSM_16716,에듀클라우드,https://educloud.com,edtech,2023,,msme,2026-04-24
MSM_16724,페이스,https://www.thenorthfacekorea.co.kr,saas,2023,,msme,2026-04-24
MSM_16800,비비소프트,https://www.bbsoft.kr,edtech,2023,,msme,2026-04-24
MSM_16820,래비노,https://www.mimint.co.kr,saas,2023,,msme,2026-04-24
MSM_16857,세이프코리아,https://firestop.co.kr,saas,2023,,msme,2026-04-24
MSM_16919,위트앤모어,https://www.albamon.com,foodtech,2023,,msme,2026-04-24
MSM_16996,스탠다드솔루션즈,https://www.dn-solutions.com,saas,2023,,msme,2026-04-24
MSM_17024,모두애비즈니스,http://www.nwtnews.co.kr,saas,2023,,msme,2026-04-24
MSM_17101,플랫큐브,http://www.nexcube.co.kr,saas,2023,,msme,2026-04-24
MSM_17136,페어랩스,https://www.fairlabs.io,saas,2023,,msme,2026-04-24
MSM_17198,엔엠소프트,https://www.114.co.kr,saas,2023,,msme,2026-04-24
MSM_17328,플립션코리아,https://www.nextround.kr,saas,2023,,msme,2026-04-24
MSM_17339,엘에이치케어,https://clevercare.info,healthtech,2023,,msme,2026-04-24
MSM_17359,청춘레슬러,,proptech,2023,,msme,2026-04-24
MSM_17395,젠틀매니악,https://www.gentlemaniac.com,gaming,2023,,msme,2026-04-24
MSM_17523,유비케이솔루션,https://www.114.co.kr,saas,2023,,msme,2026-04-24
MSM_17530,메타스토리,https://metaschole.com,saas,2023,,msme,2026-04-24
MSM_17558,펠로우1334,https://www.kriss.re.kr,saas,2023,,msme,2026-04-24
MSM_17638,오키씨,https://www.sisamagazine.co.kr,media,2023,,msme,2026-04-24
MSM_17695,아타드  (ATAD Corp.),https://www.atad.co.kr,saas,2023,,msme,2026-04-24
MSM_17720,이지시큐,https://www.aegisecu.com,saas,2023,,msme,2026-04-24
MSM_17735,호호에듀,https://hohoedu.co.kr,edtech,2023,,msme,2026-04-24
MSM_17893,에스큐케이,,healthtech,2023,,msme,2026-04-24
MSM_17935,디엠티랩스,http://www.dmtlabs.co.kr,saas,2023,,msme,2026-04-24
MSM_17997,카방,https://cs.carbang365.com,saas,2023,,msme,2026-04-24
MSM_18042,틸코블렛,https://www.tilko.net,saas,2023,,msme,2026-04-24
MSM_18050,워킹랩,https://www.ithimedia.co.kr,saas,2023,,msme,2026-04-24
MSM_18062,바닐라컴퍼니,https://www.114.co.kr,saas,2023,,msme,2026-04-24
MSM_18066,그리드파트너스,https://www.bsgglobal.com,saas,2023,,msme,2026-04-24
MSM_18069,이에이치네트웍스,http://www.ehnetworks.com,saas,2023,,msme,2026-04-24
MSM_18098,예비창업자 최성철,https://biz.chosun.com,saas,2023,,msme,2026-04-24
MSM_18107,와이케이메디,https://linkareer.com,saas,2023,,msme,2026-04-24
MSM_18129,시즈모드,https://www.ubisoft.com,saas,2023,,msme,2026-04-24
MSM_18139,코어시큐리티,https://www.coresec.co.kr,media,2023,,msme,2026-04-24
MSM_18147,예비창업자 김삼문,https://www.joongang.co.kr,saas,2023,,msme,2026-04-24
MSM_18177,펴다,https://www.pyeoda.co.kr,saas,2023,,msme,2026-04-24
MSM_18192,아이오테드,https://www.elscience.co.kr,edtech,2023,,msme,2026-04-24
MSM_18196,데이터메이커,https://www.datamaker.io,saas,2023,,msme,2026-04-24
MSM_18213,드제이,https://rosedej.kr,saas,2023,,msme,2026-04-24
MSM_18256,퍼니팩,https://www.11st.co.kr,gaming,2023,,msme,2026-04-24
MSM_18274,엔노바랩스,,fintech,2023,,msme,2026-04-24
MSM_18276,플렉스데이,http://www.korfin.kr,saas,2023,,msme,2026-04-24
MSM_18324,아이티브에이아이,https://itivai.com,saas,2023,,msme,2026-04-24
MSM_18325,웨어비즈,https://gw.ktbizoffice.com,saas,2023,,msme,2026-04-24
MSM_18329,appknot(앱노트),https://www.appknot.com,saas,2023,,msme,2026-04-24
MSM_18332,헤카톤에이아이,https://kingospring.com,saas,2023,,msme,2026-04-24
MSM_18338,콘트로하에츠,http://kontrohertz.co.kr,saas,2023,,msme,2026-04-24
MSM_18347,위즈팩토리,http://wizfactory.kr,saas,2023,,msme,2026-04-24
MSM_18353,크날,https://www.knar.kr,saas,2023,,msme,2026-04-24
MSM_18354,미듦,https://midms.co.kr,media,2023,,msme,2026-04-24
MSM_18356,한빛비전,https://www.hanbitdrone.com,saas,2023,,msme,2026-04-24
MSM_18370,헬스브릿지,https://www.hbalance.co.kr,healthtech,2023,,msme,2026-04-24
MSM_18379,아트앤아트테크,https://arttech.kr,edtech,2023,,msme,2026-04-24
MSM_18385,소프트프릭,https://softfreak.kr,saas,2023,,msme,2026-04-24
MSM_18394,제이시스,https://www.jeisys.com,saas,2023,,msme,2026-04-24
MSM_18399,예비창업자 허경회,https://www.tu.ac.kr,saas,2023,,msme,2026-04-24
MSM_18406,무브먼츠,https://www.movements.kr,saas,2023,,msme,2026-04-24
MSM_18439,유동산,https://www.yoodong.co.kr,fintech,2023,,msme,2026-04-24
MSM_18442,한국에너지데이터,https://en-ter.co.kr,saas,2023,,msme,2026-04-24
MSM_18448,브릿지엠,https://weseb.com,saas,2023,,msme,2026-04-24
MSM_18452,아리사코리아,https://marketbz.com,saas,2023,,msme,2026-04-24
MSM_18454,디바인테크,https://www.teamblind.com,saas,2023,,msme,2026-04-24
MSM_18465,알티튜드,https://www.peoplegate.co.kr,media,2023,,msme,2026-04-24
MSM_18491,예비창업자 이경은,https://ventureinkorea.com,saas,2023,,msme,2026-04-24
MSM_18499,하이씨티,https://www.hipass.co.kr,saas,2023,,msme,2026-04-24
MSM_18504,빅밴드,https://www.mrbigsite.com,ecommerce,2023,,msme,2026-04-24
MSM_18511,플코,https://plco.pro,saas,2023,,msme,2026-04-24
MSM_18523,긱플러스,https://www.geekplus.com,saas,2023,,msme,2026-04-24
MSM_18525,예티소프트,https://lineage.plaync.com,saas,2023,,msme,2026-04-24
MSM_18541,이케이전력,https://www.sankun.com,saas,2023,,msme,2026-04-24
MSM_18544,뉴큐어엠,https://www.druginfo.co.kr,healthtech,2023,,msme,2026-04-24
MSM_18562,뉴글,https://newgle.co.kr,proptech,2023,,msme,2026-04-24
MSM_18605,이안에스아이티,http://www.iansit.co.kr,saas,2023,,msme,2026-04-24
MSM_18608,베모,https://kr.made-in-china.com,saas,2023,,msme,2026-04-24
MSM_18629,포아브,https://www.dailysecu.com,saas,2023,,msme,2026-04-24
MSM_18631,데카르트,https://www.descartescare.com,gaming,2023,,msme,2026-04-24
MSM_18642,와이닷시엔에스,https://www.sejongnetworks.com,healthtech,2023,,msme,2026-04-24
MSM_18650,벌스  (VERS),https://www.vers.co.kr,media,2023,,msme,2026-04-24
MSM_18653,지오딕트,https://www.intoeng.com,saas,2023,,msme,2026-04-24
MSM_18655,더모,http://www.knucos.com,fintech,2023,,msme,2026-04-24
MSM_18665,알앤씨소프트,,saas,2023,,msme,2026-04-24
MSM_18667,세코어로보틱스,https://www.sequorrobotics.com,logistics,2023,,msme,2026-04-24
MSM_18674,메타캠프,https://metablox.co.kr,gaming,2023,,msme,2026-04-24
MSM_18679,헤리티지아이티,http://www.enewstoday.co.kr,saas,2023,,msme,2026-04-24
MSM_18694,에이닷,https://adot.ai,saas,2023,,msme,2026-04-24
MSM_18699,피아스페이스,https://www.pia.space,saas,2023,,msme,2026-04-24
MSM_18706,지오하임,https://dool03.wordpress5945.com,saas,2023,,msme,2026-04-24
MSM_18714,엔스크린,https://www.albamon.com,edtech,2023,,msme,2026-04-24
MSM_18730,젠핏엑스,,saas,2023,,msme,2026-04-24
MSM_18732,프랭크엑스 (FPrank X INC.),https://www.fprankx.co.kr,saas,2023,,msme,2026-04-24
MSM_18741,해시어스,http://wiki1.kr,saas,2023,,msme,2026-04-24
MSM_18761,인플라이크,https://www.catchnews.kr,saas,2023,,msme,2026-04-24
MSM_18763,네오클루,https://bbs.ruliweb.com,saas,2023,,msme,2026-04-24
MSM_18772,파란,http://paranclinic.co.kr,saas,2023,,msme,2026-04-24
MSM_18775,팀스토리,https://flex.team,saas,2023,,msme,2026-04-24
MSM_18790,씨어스,https://seers.co.kr,media,2023,,msme,2026-04-24
MSM_18795,메디로지스,https://www.ilyanglogis.co.kr,healthtech,2023,,msme,2026-04-24
MSM_18805,루트랩(ROOT LAB),https://www.rootlab.co.kr,saas,2023,,msme,2026-04-24
MSM_18806,크리에이터링크,https://www.creatorlink.net,saas,2023,,msme,2026-04-24
MSM_18807,닥터빌리지,https://www.114.co.kr,saas,2023,,msme,2026-04-24
MSM_18811,모들스튜디오,http://www.epic-studio.kr,gaming,2023,,msme,2026-04-24
MSM_18822,리커너스,https://www.reconers.com,saas,2023,,msme,2026-04-24
MSM_18828,예비창업자 유성영,https://www.dailycc.net,saas,2023,,msme,2026-04-24
MSM_18835,한국부동산데이터연구소,https://www.kredatalab.com,saas,2023,,msme,2026-04-24
MSM_18843,비즈톡,https://www.biztalk.co.kr,saas,2023,,msme,2026-04-24
MSM_18849,시제,https://www.doosanartcenter.com,saas,2023,,msme,2026-04-24
MSM_18852,에이치케이넷츠,http://www.hknets.co.kr,ecommerce,2023,,msme,2026-04-24
MSM_18861,그린도트,http://www.formtec.co.kr,saas,2023,,msme,2026-04-24
MSM_18863,페어플레이,https://www.gamemeca.com,media,2023,,msme,2026-04-24
MSM_18869,트레셋,https://www.innoforest.co.kr,saas,2023,,msme,2026-04-24
MSM_18878,놀잇,https://www.innoforest.co.kr,gaming,2023,,msme,2026-04-24
MSM_18879,메타아이,https://metablox.co.kr,saas,2023,,msme,2026-04-24
MSM_18880,엠피웨이브,https://www.thepublic.kr,ecommerce,2023,,msme,2026-04-24
MSM_18881,토들리에(Toddlier),https://www.toddlier.co.kr,saas,2023,,msme,2026-04-24
MSM_18882,예비창업자 정선옥,https://www.pressian.com,saas,2023,,msme,2026-04-24
MSM_18885,메타솔루션,https://www.metainnotech.com,logistics,2023,,msme,2026-04-24
MSM_18889,예비창업자 우승범,https://www.ok.ac.kr,saas,2023,,msme,2026-04-24
MSM_18895,리얼라이저블,https://xn--ob0b391ca.com,saas,2023,,msme,2026-04-24
MSM_18903,소올아이티,,saas,2023,,msme,2026-04-24
MSM_18907,리드플래닛,https://wplanet.co.kr,saas,2023,,msme,2026-04-24
MSM_18913,컴투스로카,https://com2usroca.com,gaming,2023,,msme,2026-04-24
MSM_18915,잇뉴,https://itnewcorp.com,saas,2023,,msme,2026-04-24
MSM_18917,이루다플랫,https://www.khan.co.kr,media,2023,,msme,2026-04-24
MSM_18921,라온에이텍,https://www.atecsystem.kr,saas,2023,,msme,2026-04-24
MSM_18922,파파야,http://www.papaya9.com,saas,2023,,msme,2026-04-24
MSM_18940,스코어스트리트,https://www.newsinside.kr,media,2023,,msme,2026-04-24
MSM_18942,엘로이큐브,https://recruit.eloicube.com,saas,2023,,msme,2026-04-24
MSM_18943,바니마니,https://www.kwnews.co.kr,saas,2023,,msme,2026-04-24
MSM_18947,에피소든,https://www.episoden.com,saas,2023,,msme,2026-04-24
MSM_18958,직스테크놀로지,https://www.zyx.co.kr,saas,2023,,msme,2026-04-24
MSM_18963,자이메드,http://www.e2news.com,healthtech,2023,,msme,2026-04-24
MSM_18964,레드마우스,https://www.redmouse.co.kr,saas,2023,,msme,2026-04-24
MSM_18965,알엔에이데이타시스템,https://www.ibkonejob.co.kr,fintech,2023,,msme,2026-04-24
MSM_18973,이너프유,https://place.tripmate.co.kr,saas,2023,,msme,2026-04-24
MSM_18974,링크앤플러스,https://linkplace.co.kr,saas,2023,,msme,2026-04-24
MSM_18978,애슐런컴퍼니,http://www.e2news.com,edtech,2023,,msme,2026-04-24
MSM_18982,일상의감동,,saas,2023,,msme,2026-04-24
MSM_18986,쿼트랩,https://www.leeko.com,saas,2023,,msme,2026-04-24
MSM_18988,제이씨메디랩,https://www.rehahomecare.com,saas,2023,,msme,2026-04-24
MSM_18989,버추얼플로우,https://www.chaos.com,media,2023,,msme,2026-04-24
MSM_18990,라온로드,https://www.laon-tech.com,saas,2023,,msme,2026-04-24
MSM_19008,액팅팜,https://yangyangsoolgodgan.com,saas,2023,,msme,2026-04-24
MSM_19009,디타스,http://www.dtaas.co.kr,saas,2023,,msme,2026-04-24
MSM_19012,보드에프엔씨,https://www.albamon.com,saas,2023,,msme,2026-04-24
MSM_19015,핀인사이트,https://www.mt.co.kr,edtech,2023,,msme,2026-04-24
MSM_19022,서프컴퍼니,https://www.investnews.co.kr,saas,2023,,msme,2026-04-24
MSM_19027,더블렌드,https://www.nespresso.com,healthtech,2023,,msme,2026-04-24
MSM_19028,장현,https://janghyunlaw.com,saas,2023,,msme,2026-04-24
MSM_19031,에이셉익스프레스,https://www.innoforest.co.kr,logistics,2023,,msme,2026-04-24
MSM_19032,미소에이스,https://www.teamblind.com,saas,2023,,msme,2026-04-24
MSM_19034,올수,https://www.everon.co.kr,saas,2023,,msme,2026-04-24
MSM_19049,리치닥,https://www.richdoc.co.kr,saas,2023,,msme,2026-04-24
MSM_19061,"아이겐드럭 (AIgenDrug Co., Ltd.)",https://www.aigendrug.co.kr,saas,2023,,msme,2026-04-24
MSM_19069,세일리틱스,https://www.nicebizinfo.com,saas,2023,,msme,2026-04-24
MSM_19074,코라드미디어텍,https://korad.tv,saas,2023,,msme,2026-04-24
MSM_19084,핀즐,https://pinzle.net,saas,2023,,msme,2026-04-24
MSM_19085,블록에스,https://block-s.io,saas,2023,,msme,2026-04-24
MSM_19090,이크림,https://www.cetaphil.co.kr,saas,2023,,msme,2026-04-24
MSM_19091,비트블루,https://www.bitblue.team,saas,2023,,msme,2026-04-24
MSM_19092,시고르자브종,https://youumbba.org,saas,2023,,msme,2026-04-24
MSM_19103,테이큰소프트,https://worldwidetelescope.org,saas,2023,,msme,2026-04-24
MSM_19112,핀노드,,saas,2023,,msme,2026-04-24
MSM_19113,비쿱,https://busancoffee.co.kr,saas,2023,,msme,2026-04-24
MSM_19121,빅스데이터,https://bigxdata.io,saas,2023,,msme,2026-04-24
MSM_19138,큐빅 (Cubig Corp.),https://www.cubig.co.kr,saas,2023,,msme,2026-04-24
MSM_19139,펫타버스,https://www.dailyvet.co.kr,saas,2023,,msme,2026-04-24
MSM_19141,매일국어,https://www.dailykor.com,media,2023,,msme,2026-04-24
MSM_19143,나노내,https://www.nanoentek.com,foodtech,2023,,msme,2026-04-24
MSM_19154,엔지엠테크,http://ngmsoftware.com,saas,2023,,msme,2026-04-24
MSM_19158,기어세컨드,https://gear2.net,gaming,2023,,msme,2026-04-24
MSM_19159,미래를 보다,https://home.ebs.co.kr,gaming,2023,,msme,2026-04-24
MSM_19179,아이엠디티,https://www.dailygaewon.com,healthtech,2023,,msme,2026-04-24
MSM_19184,아울네스트,https://nestshop.co.kr,saas,2023,,msme,2026-04-24
MSM_19185,푸른들소프트,https://gryard.com,saas,2023,,msme,2026-04-24
MSM_19186,모두의교육그룹,https://modulearning.kr,edtech,2023,,msme,2026-04-24
MSM_19189,키즐링,https://www.knewstv.kr,saas,2023,,msme,2026-04-24
MSM_19190,에스디에이에이,http://www.doctorstimes.com,saas,2023,,msme,2026-04-24
MSM_19193,곳간로지스,https://www.kokkanlogis.co.kr,logistics,2023,,msme,2026-04-24
MSM_19199,하마랩,https://hamalab.io,saas,2023,,msme,2026-04-24
MSM_19205,시리오,https://www.interfootball.co.kr,media,2023,,msme,2026-04-24
MSM_19207,갤로핑,https://galloping.co.kr,saas,2023,,msme,2026-04-24
MSM_19216,코리아스포츠랭킹,https://korspo.com,saas,2023,,msme,2026-04-24
MSM_19222,몰덴아이,http://wiki1.kr,saas,2023,,msme,2026-04-24
MSM_19235,메릴코리아,https://sports.donga.com,saas,2023,,msme,2026-04-24
MSM_19249,두리넥스,https://bizno.net,saas,2023,,msme,2026-04-24
MSM_19261,웹툰올,https://heroes.nexon.com,media,2023,,msme,2026-04-24
MSM_19283,오픈필드,https://www.openfield.co.kr,gaming,2023,,msme,2026-04-24
MSM_19290,더피엠디,https://www.thepmd.co.kr,saas,2023,,msme,2026-04-24
MSM_19293,아트릭트,https://kr.findjob24h.com,saas,2023,,msme,2026-04-24
MSM_19295,엘빅스,,saas,2023,,msme,2026-04-24
MSM_19297,어슈런스,https://photomarketing.co.kr,saas,2023,,msme,2026-04-24
MSM_19301,링스업,,saas,2023,,msme,2026-04-24
MSM_19302,샵온트리,https://www.albamon.com,ecommerce,2023,,msme,2026-04-24
MSM_19303,디로그,https://softlunch.com,saas,2023,,msme,2026-04-24
MSM_19307,소테리아,http://www.itforu.co.kr,saas,2023,,msme,2026-04-24
MSM_19308,푸드대시,http://fooddash.co.kr,saas,2023,,msme,2026-04-24
MSM_19311,호두소프트,https://www.hodooenglish.com,saas,2023,,msme,2026-04-24
MSM_19316,에이써티,https://www.insidevina.com,saas,2023,,msme,2026-04-24
MSM_19318,띠오,https://gallerytheo.com,gaming,2023,,msme,2026-04-24
MSM_19327,세이브더보스,https://groupby.kr,saas,2023,,msme,2026-04-24
MSM_19334,메인,https://www.inven.co.kr,saas,2023,,msme,2026-04-24
MSM_19345,기어이,https://www.giioii.com,media,2023,,msme,2026-04-24
MSM_19346,오리엔텀,https://www.datanet.co.kr,saas,2023,,msme,2026-04-24
MSM_19357,씨아이팩토리,https://www.cijkorea.com,proptech,2023,,msme,2026-04-24
MSM_19363,오픈에스지,https://www.opensg.net,logistics,2023,,msme,2026-04-24
MSM_19365,영우정보서비스,https://www.dailian.co.kr,saas,2023,,msme,2026-04-24
MSM_19378,블로세이프,http://www.e2news.com,saas,2023,,msme,2026-04-24
MSM_19382,스패너(Xpanner Inc.),https://www.xpanner.co.kr,ecommerce,2023,,msme,2026-04-24
MSM_19384,세명소프트,https://smsoft.kr,saas,2023,,msme,2026-04-24
MSM_19385,무텍,https://www.mootech.co.kr,ecommerce,2023,,msme,2026-04-24
MSM_19388,엠에스제이,http://msj3000.co.kr,saas,2023,,msme,2026-04-24
MSM_19390,엘에스케이 시스템즈,https://www.teamblind.com,saas,2023,,msme,2026-04-24
MSM_19398,피나클 (FINAKLE),https://www.finakle.co.kr,proptech,2023,,msme,2026-04-24
MSM_19407,심부룸,https://www.114.co.kr,foodtech,2023,,msme,2026-04-24
MSM_19416,예비창업자 최성필,https://www.gwangju.ac.kr,saas,2024,,msme,2026-04-24
MSM_19426,와이씨코퍼레이션,https://www.ycgroup.co.kr,saas,2023,,msme,2026-04-24
MSM_19429,플러스82스튜디오스,https://moneypin.biz,saas,2023,,msme,2026-04-24
MSM_19434,더블오,https://bbs.ruliweb.com,saas,2023,,msme,2026-04-24
MSM_19435,이븐오드랩,https://www.nicebizinfo.com,saas,2023,,msme,2026-04-24
MSM_19443,진솔루션즈,https://ogijung.com,saas,2023,,msme,2026-04-24
MSM_19444,다해로지시스,https://linkareer.com,logistics,2023,,msme,2026-04-24
MSM_19467,코드거츠,https://booking.flydesk.co.kr,saas,2023,,msme,2026-04-24
MSM_19478,와이티아이엔에스,https://www.ncloud.com,saas,2023,,msme,2026-04-24
MSM_19490,엔에스솔루션,https://www.sankun.com,healthtech,2023,,msme,2026-04-24
MSM_19495,폴리모프,https://www.polymorph-studios.com,media,2023,,msme,2026-04-24
MSM_19497,비케이위너,https://www.bkwinner.co.kr,saas,2023,,msme,2026-04-24
MSM_19501,카이페리온,https://bbs.ruliweb.com,saas,2023,,msme,2026-04-24
MSM_19506,타이드풀,https://tidepool.kr,saas,2023,,msme,2026-04-24
MSM_19509,유니로텍,https://job.3dfia.org,media,2023,,msme,2026-04-24
MSM_19510,팜팜코퍼레이션,https://www.farmfam.co.kr,saas,2023,,msme,2026-04-24
MSM_19513,마인드에아이이,https://kind.krx.co.kr,saas,2024,,msme,2026-04-24
MSM_19514,액트노바,https://www.actnova.io,saas,2023,,msme,2026-04-24
MSM_19521,레전더리스,https://lck.legendaries.com,saas,2023,,msme,2026-04-24
MSM_19527,실버레이크컴퍼니,https://moneypin.biz,saas,2023,,msme,2026-04-24
MSM_19533,주재넷,http://www.ezntv.co.kr,proptech,2023,,msme,2026-04-24
MSM_19534,코디미,https://codime.io,saas,2023,,msme,2026-04-24
MSM_19537,카디오헬스,https://go.seoul.co.kr,saas,2023,,msme,2026-04-24
MSM_19539,플랜트랩,https://from3pm.com,saas,2023,,msme,2026-04-24
MSM_19550,플루토스파트너스,http://www.korfin.kr,proptech,2023,,msme,2026-04-24
MSM_19561,미니소프트,https://www.minisoft.co.kr,saas,2023,,msme,2026-04-24
MSM_19565,비톡,https://www.asiae.co.kr,saas,2023,,msme,2026-04-24
MSM_19568,다비전,https://davision.co.kr,saas,2023,,msme,2026-04-24
MSM_19572,서홍테크,https://www.neogift.kr,saas,2023,,msme,2026-04-24
MSM_19575,노하우미디어,https://www.kdpress.co.kr,saas,2023,,msme,2026-04-24
MSM_19586,케이솔루션즈,https://www.dn-solutions.com,saas,2023,,msme,2026-04-24
MSM_19590,태원이노베이션,https://linkareer.com,saas,2023,,msme,2026-04-24
MSM_19591,알로카도스,https://www.it-b.co.kr,saas,2023,,msme,2026-04-24
MSM_19602,언더파랩,https://kmong.com,saas,2023,,msme,2026-04-24
MSM_19609,멀티버스스튜디오,https://www.marvel.com,saas,2023,,msme,2026-04-24
MSM_19612,래빗(lab-eat),https://www.labeat.co.kr,foodtech,2023,,msme,2026-04-24
MSM_19613,인정보,https://dainit.com,saas,2023,,msme,2026-04-24
MSM_19619,에이치알딥마인드,https://linkareer.com,saas,2023,,msme,2026-04-24
MSM_19633,비에이티,https://batcrew.co.kr,saas,2023,,msme,2026-04-24
MSM_19637,에리드,http://kdhangeul.com,saas,2023,,msme,2026-04-24
MSM_19639,넥스원소프트,http://www.nexonesoft.com,saas,2023,,msme,2026-04-24
MSM_19640,더무브,http://www.ithemove.com,saas,2023,,msme,2026-04-24
MSM_19645,코드크리에이츠,https://www.mycreatz.com,saas,2023,,msme,2026-04-24
MSM_19651,사일런티스트,https://www.innoforest.co.kr,saas,2023,,msme,2026-04-24
MSM_19659,친구플러스,https://www.lguplus.com,saas,2025,,msme,2026-04-24
MSM_19662,비글즈(Bigglz),https://www.bigglz.co.kr,gaming,2024,,msme,2026-04-24
MSM_19663,한샘가온,https://mall.hanssem.com,saas,2023,,msme,2026-04-24
MSM_19667,페퍼스톤즈,https://www.114.co.kr,gaming,2023,,msme,2026-04-24
MSM_19669,스콰트 솔루션,https://gall.dcinside.com,saas,2023,,msme,2026-04-24
MSM_19670,토라웨어,https://www.fmkorea.com,saas,2023,,msme,2026-04-24
MSM_19674,락앤솔트,https://www.wikiwand.com,saas,2023,,msme,2026-04-24
MSM_19678,아테모스,https://www.atemos.co.kr,ecommerce,2023,,msme,2026-04-24
MSM_19680,디오소프트랩,https://www.kjebi.com,saas,2023,,msme,2026-04-24
MSM_19681,이미르소프트,https://www.gameinsight.co.kr,saas,2024,,msme,2026-04-24
MSM_19685,샵라이브코리아,https://www.shoplive.cloud,ecommerce,2023,,msme,2026-04-24
MSM_19686,소프트아이,https://www.enjoysoft.net,saas,2023,,msme,2026-04-24
MSM_19687,알레시오,https://www.mhnse.com,saas,2024,,msme,2026-04-24
MSM_19692,에스지앤,http://www.iscope.kr,saas,2023,,msme,2026-04-24
MSM_19700,파나나스튜디오,https://www.pananstudio.com,gaming,2023,,msme,2026-04-24
MSM_19706,와이덴케어,http://www.aipostkorea.com,healthtech,2024,,msme,2026-04-24
MSM_19712,윈드폴리(Windfally corp.),https://www.windfally.co.kr,media,2023,,msme,2026-04-24
MSM_19717,예술공공,https://www.dailian.co.kr,gaming,2023,,msme,2026-04-24
MSM_19723,스토어스위프트코리아,https://www.postype.com,saas,2023,,msme,2026-04-24
MSM_19732,우주일호,,saas,2023,,msme,2026-04-24
MSM_19736,밈비,https://www.114.co.kr,media,2023,,msme,2026-04-24
MSM_19737,메타로고스,https://metalogos.ai,saas,2023,,msme,2026-04-24
MSM_19744,코드박스,https://printingbox.kr,saas,2023,,msme,2026-04-24
MSM_19747,원앤현,https://www.edufindkorea.com,saas,2023,,msme,2026-04-24
MSM_19750,메저커머스,https://www.trendier.ai,saas,2023,,msme,2026-04-24
MSM_19756,게코도니아,https://kmong.com,saas,2023,,msme,2026-04-24
MSM_19764,스톡폴리오,https://linkareer.com,media,2023,,msme,2026-04-24
MSM_19772,서르,https://www.seoreu.com,healthtech,2023,,msme,2026-04-24
MSM_19773,배턴터치,http://www.celuvmedia.com,saas,2023,,msme,2026-04-24
MSM_19783,루트라,https://www.alpen-route.com,saas,2023,,msme,2026-04-24
MSM_19787,시스앤제이,https://www.sysandj.com,saas,2023,,msme,2026-04-24
MSM_19791,우릿,https://www.cuonet.com,saas,2023,,msme,2026-04-24
MSM_19793,소이정,https://www.soijeong.com,saas,2024,,msme,2026-04-24
MSM_19798,별따러가자,https://starpickers.imweb.me,saas,2024,,msme,2026-04-24
MSM_19800,사물,https://atusweb.com,saas,2023,,msme,2026-04-24
MSM_19810,크로스랩,https://www.crosslabinc.com,media,2024,,msme,2026-04-24
MSM_19811,팬터스(Fantors),https://www.fantors.co.kr,saas,2023,,msme,2026-04-24
MSM_19812,하이드미플리즈,https://www.hidemeplease.xyz,gaming,2023,,msme,2026-04-24
MSM_19817,헬로그레이스,https://gracebell.co.kr,saas,2023,,msme,2026-04-24
MSM_19818,이온엠솔루션,http://www.e-onm.com,saas,2023,,msme,2026-04-24
MSM_19820,데이터메티카,https://www.dailysecu.com,edtech,2024,,msme,2026-04-24
MSM_19825,라온메디,https://laonmedi.io,healthtech,2023,,msme,2026-04-24
MSM_19828,스페이스티(Space T Inc.),https://www.spacet.co.kr,saas,2023,,msme,2026-04-24
MSM_19829,에이피메타랩스,https://kmong.com,saas,2024,,msme,2026-04-24
MSM_19832,메타모션,https://www.hankookandcompany.com,saas,2024,,msme,2026-04-24
MSM_19833,코닉글로리,http://www.kornicglory.co.kr,saas,2023,,msme,2026-04-24
MSM_19834,작두스튜디오,https://bizno.net,gaming,2023,,msme,2026-04-24
MSM_19835,티플리스,https://bizno.net,saas,2023,,msme,2026-04-24
MSM_19839,잇티,https://www.druginfo.co.kr,saas,2023,,msme,2026-04-24
MSM_19841,크리스피드,http://www.crespeed.com,ecommerce,2024,,msme,2026-04-24
MSM_19843,더넥사,https://www.thenexa.io,saas,2023,,msme,2026-04-24
MSM_19848,나인투랩스,https://www.ninetwolabs.com,gaming,2023,,msme,2026-04-24
MSM_19849,리티무브,https://lovemove.co.kr,saas,2023,,msme,2026-04-24
MSM_19860,소셜러스,https://www.socialerus.com,saas,2023,,msme,2026-04-24
MSM_19863,더가현,https://gahyun.icees.kr,saas,2023,,msme,2026-04-24
MSM_19867,쏘울잇개,https://www.nicebizinfo.com,edtech,2023,,msme,2026-04-24
MSM_19880,패스트오더글로벌,https://fastorder.kr,saas,2025,,msme,2026-04-24
MSM_19882,지엠디소프트,https://www.gmdsoft.com,proptech,2023,,msme,2026-04-24
MSM_19892,아이피아,https://www.aipia.co.kr,saas,2023,,msme,2026-04-24
MSM_19894,오션블루,https://travelwebsite.kr,saas,2024,,msme,2026-04-24
MSM_19895,이어가다,https://www.slist.kr,saas,2023,,msme,2026-04-24
MSM_19896,스테이지어스,https://boottent.com,saas,2023,,msme,2026-04-24
MSM_19899,플롯팩토리,https://litt.ly,saas,2024,,msme,2026-04-24
MSM_19900,드림픽셀,https://imweb.me,saas,2023,,msme,2026-04-24
MSM_19901,티원포아이씨티,https://www.114.co.kr,media,2023,,msme,2026-04-24
MSM_19902,코니스트,https://conist.co.kr,media,2023,,msme,2026-04-24
MSM_19912,디센트,https://www.dcentwallet.com,saas,2023,,msme,2026-04-24
MSM_19913,그린다에이아이,https://www.grinda.ai,saas,2023,,msme,2026-04-24
MSM_19916,스포티스트,https://footystats.org,media,2023,,msme,2026-04-24
MSM_19919,한국자산매입,https://www.kap.kr,saas,2023,,msme,2026-04-24
MSM_19920,네모즈랩,https://nemoz.io,saas,2024,,msme,2026-04-24
MSM_19927,시놀,http://unsaefree.kr,saas,2023,,msme,2026-04-24
MSM_19930,트리오커넥트,http://www.monstax-e.com,foodtech,2023,,msme,2026-04-24
MSM_19940,폰드메이커스,https://www.pondmakers.com,saas,2023,,msme,2026-04-24
MSM_19941,링고소프트,https://kr.sidiz.com,saas,2024,,msme,2026-04-24
MSM_19947,비즈큐브솔루션,https://bizcube-sol.com,saas,2023,,msme,2026-04-24
MSM_19948,크로플,https://www.hongruizhen.com,fintech,2023,,msme,2026-04-24
MSM_19962,디벨록,https://www.sedaily.com,saas,2023,,msme,2026-04-24
MSM_19966,머스트리,https://pulstory.pulmuone.com,saas,2024,,msme,2026-04-24
MSM_19974,아이비알도스,https://ibrcorp.kr,saas,2023,,msme,2026-04-24
MSM_19976,컴팩,,saas,2023,,msme,2026-04-24
MSM_19980,차쿤,https://www.114.co.kr,saas,2023,,msme,2026-04-24
MSM_19982,주비스,https://www.juvis.co.kr,saas,2023,,msme,2026-04-24
MSM_19985,늘푸른씨앤에이,http://www.nprcna.com,saas,2023,,msme,2026-04-24
MSM_19987,피씨위자드,https://www.partitionwizard.com,media,2023,,msme,2026-04-24
MSM_19988,아이태그유,https://www.itagu.co.kr,saas,2023,,msme,2026-04-24
MSM_19992,마이샵클라우드,https://moneypin.biz,foodtech,2023,,msme,2026-04-24
MSM_19993,더카와,https://www.114.co.kr,saas,2023,,msme,2026-04-24
MSM_19997,오수젠,https://weseb.com,saas,2023,,msme,2026-04-24
MSM_20000,프랜더,https://frienderma.com,saas,2023,,msme,2026-04-24
MSM_20003,치아로,https://www.koreatoothbank.com,saas,2023,,msme,2026-04-24
MSM_20004,에스비티,https://sbtglobal.stibee.com,saas,2023,,msme,2026-04-24
MSM_20010,삼이일,https://marketbz.com,media,2023,,msme,2026-04-24
MSM_20011,스마트GENEsoft,http://www.sjbiosc.co.kr,saas,2023,,msme,2026-04-24
MSM_20019,씨마켓플레이스,https://hiseoul.sba.kr,saas,2024,,msme,2026-04-24
MSM_20021,티와이즈,,saas,2023,,msme,2026-04-24
MSM_20022,예비창업자 허영범,https://www.dailycc.net,saas,2023,,msme,2026-04-24
MSM_20025,니드아이,https://www.114.co.kr,saas,2024,,msme,2026-04-24
MSM_20027,쵸이스원,,saas,2023,,msme,2026-04-24
MSM_20028,리치에일리언,,gaming,2023,,msme,2026-04-24
MSM_20048,스터디워크,http://www.megastudyholdings.com,saas,2023,,msme,2026-04-24
MSM_20050,에스오티글로벌,https://www.teamblind.com,saas,2023,,msme,2026-04-24
MSM_20051,아이씨티웨이,https://www.ictway.co.kr,saas,2023,,msme,2026-04-24
MSM_20057,인포그랩,https://insight.infograb.net,edtech,2023,,msme,2026-04-24
MSM_20062,킹메이커,https://www.naksi.co.kr,saas,2023,,msme,2026-04-24
MSM_20072,써니웨이브,https://www.hankyung.com,saas,2023,,msme,2026-04-24
MSM_20076,어반엘티,https://www.114.co.kr,saas,2023,,msme,2026-04-24
MSM_20084,인데이타시스템,https://www.insystem.kr,ecommerce,2023,,msme,2026-04-24
MSM_20085,비앤케이매크로,https://www.gnict.org,saas,2023,,msme,2026-04-24
MSM_20090,아이티소프트,https://www.nsoft.co.kr,saas,2023,,msme,2026-04-24
MSM_20096,디자인아이엠,http://ymdesignstudio.com,saas,2023,,msme,2026-04-24
MSM_20102,윤송,https://marketbz.com,saas,2023,,msme,2026-04-24
MSM_20103,그래비티랩스,https://gravitylabs.career.greetinghr.com,saas,2023,,msme,2026-04-24
MSM_20107,에바씨엔피,,saas,2023,,msme,2026-04-24
MSM_20109,엑사비스,https://www.xabyss.com,saas,2024,,msme,2026-04-24
MSM_20119,밸런스,https://www.hbalance.co.kr,saas,2023,,msme,2026-04-24
MSM_20120,티벨,https://www.tbell.co.kr,saas,2023,,msme,2026-04-24
MSM_20126,메타온테크,https://moneypin.biz,saas,2024,,msme,2026-04-24
MSM_20141,커넥트인컴퍼니,https://linkareer.com,ecommerce,2023,,msme,2026-04-24
MSM_20148,에이아이맥스,https://geomex.co.kr,saas,2023,,msme,2026-04-24
MSM_20154,자유의 길,https://jautour.com,media,2024,,msme,2026-04-24
MSM_20156,에코센트레,https://www.ecocentre.io,saas,2023,,msme,2026-04-24
MSM_20158,유콘,https://www.uconnhuskies.com,saas,2023,,msme,2026-04-24
MSM_20165,망치,http://shakebone.kr,saas,2023,,msme,2026-04-24
MSM_20166,와우플래닛,https://www.mk.co.kr,media,2023,,msme,2026-04-24
MSM_20169,더블유닷에이아이,http://www.healthbiz.co.kr,saas,2023,,msme,2026-04-24
MSM_20171,이노바이드,,saas,2023,,msme,2026-04-24
MSM_20183,스마트에듀텍,https://www.smart-eco.co.kr,saas,2024,,msme,2026-04-24
MSM_20190,토끼와두꺼비,https://ddokbi.com,saas,2023,,msme,2026-04-24
MSM_20194,제이티시스템,http://jtsystem.co.kr,saas,2023,,msme,2026-04-24
MSM_20197,캐논크래커,,gaming,2024,,msme,2026-04-24
MSM_20198,블루로고,https://bluearchive.nexon.com,edtech,2023,,msme,2026-04-24
MSM_20205,꿀비,https://beenhoney.com,saas,2023,,msme,2026-04-24
MSM_20207,위허브,https://cjnews.cj.net,fintech,2023,,msme,2026-04-24
MSM_20210,잘될운명,https://www.ajunews.com,media,2023,,msme,2026-04-24
MSM_20225,위키랩스,https://www.naverlabs.com,saas,2023,,msme,2026-04-24
MSM_20230,오픈랩소디,https://zighang.com,saas,2023,,msme,2026-04-24
MSM_20232,메타유니버스,http://metauniverse.net,media,2023,,msme,2026-04-24
MSM_20234,에프앤에프,https://fnfent.com,fintech,2023,,msme,2026-04-24
MSM_20245,빅모빌리티,https://bigmobility.co.kr,logistics,2023,,msme,2026-04-24
MSM_20248,코드제이,https://jcodebox.kr,saas,2023,,msme,2026-04-24
MSM_20254,에쓰소프트,https://recruit.sckcorp.co.kr,saas,2023,,msme,2026-04-24
MSM_20266,제이비즈,https://mariej.co.kr,saas,2023,,msme,2026-04-24
MSM_20274,툰플러스,https://www.bomtoon.com,media,2023,,msme,2026-04-24
MSM_20275,룰루메딕,https://www.mdon.co.kr,saas,2023,,msme,2026-04-24
MSM_20280,예비창업자 김미영,https://www.ok.ac.kr,saas,2023,,msme,2026-04-24
MSM_20281,와일리,https://www.gdweb.co.kr,saas,2023,,msme,2026-04-24
MSM_20283,에이디오트,https://adiot.co.kr,saas,2023,,msme,2026-04-24
MSM_20291,영구크린,https://www.mcygclean.com,saas,2023,,msme,2026-04-24
MSM_20294,하이스마트,https://www.hipass.co.kr,saas,2023,,msme,2026-04-24
MSM_20295,스튜디오라스,https://www.icetour.co.kr,gaming,2024,,msme,2026-04-24
MSM_20310,시큐어넷,https://www.inbiznetcorp.com,saas,2023,,msme,2026-04-24
MSM_20319,위즐,https://linkareer.com,saas,2023,,msme,2026-04-24
MSM_20323,바이스벌사,https://linkareer.com,saas,2023,,msme,2026-04-24
MSM_20326,위데이터랩,https://wedatalab.com,saas,2023,,msme,2026-04-24
MSM_20330,폭스에듀,https://www.foxedu.kr,edtech,2023,,msme,2026-04-24
MSM_20332,드래프티파이,https://playsquad.gg,saas,2023,,msme,2026-04-24
MSM_20333,상상이음,https://www.iium.co.kr,saas,2024,,msme,2026-04-24
MSM_20337,뭉클랩,,ecommerce,2023,,msme,2026-04-24
MSM_20338,오션커넥트,https://www.discoverasr.com,saas,2023,,msme,2026-04-24
MSM_20339,스탠다다,https://standada.com,saas,2023,,msme,2026-04-24
MSM_20344,씨엑스디자인,https://imweb.me,saas,2023,,msme,2026-04-24
MSM_20346,도미네이트,https://www.sentv.co.kr,saas,2023,,msme,2026-04-24
MSM_20355,퀸라이브,https://www.queenonline.com,saas,2023,,msme,2026-04-24
MSM_20358,굿픽,https://www.slrclub.com,proptech,2023,,msme,2026-04-24
MSM_20364,시에페,https://velog.io,saas,2023,,msme,2026-04-24
MSM_20367,단디코리아,https://www.dandykorea.net,saas,2023,,msme,2026-04-24
MSM_20375,클리,https://www.thecleanier.com,saas,2023,,msme,2026-04-24
MSM_20386,엠시스랩,https://www.114.co.kr,saas,2023,,msme,2026-04-24
MSM_20393,펀진,https://www.funzin.co.kr,ecommerce,2023,,msme,2026-04-24
MSM_20394,플룸디 (PLUME.D Inc.),https://www.plumed.co.kr,saas,2023,,msme,2026-04-24
MSM_20395,에이엔디시스템,http://and-system.co.kr,saas,2023,,msme,2026-04-24
MSM_20397,파이뎀스에잇,https://moneypin.biz,saas,2023,,msme,2026-04-24
MSM_20412,스마일샤크,https://smileshark.recruiter.im,saas,2023,,msme,2026-04-24
MSM_20416,챌린저스게임즈,http://www.gamevu.co.kr,gaming,2023,,msme,2026-04-24
MSM_20425,폴스타게임즈,https://www.sisajournal-e.com,saas,2023,,msme,2026-04-24
MSM_20426,캔디데이트,https://www.candidate.im,saas,2023,,msme,2026-04-24
MSM_20429,카르페,https://caem.sesisoft.com,gaming,2023,,msme,2026-04-24
MSM_20437,심투리얼,https://www.sim2real.co.kr,saas,2023,,msme,2026-04-24
MSM_20439,에스지에이홀딩스,https://aiernews.kr,saas,2023,,msme,2026-04-24
MSM_20441,사일로,https://www.coconutsilo.com,saas,2023,,msme,2026-04-24
MSM_20451,행복브릿지,http://www.h-dental.co.kr,saas,2023,,msme,2026-04-24
MSM_20453,더매트릭스,http://www.genematrix.net,saas,2023,,msme,2026-04-24
MSM_20455,마크팔십칠,https://www.nicebizinfo.com,saas,2023,,msme,2026-04-24
MSM_20456,풀러팅,https://linkareer.com,saas,2023,,msme,2026-04-24
MSM_20463,한국심리,http://www.weepcc.com,media,2023,,msme,2026-04-24
MSM_20468,팔로,https://www.giordano.co.kr,saas,2023,,msme,2026-04-24
MSM_20474,스피카소프트,http://kaistventures.com,gaming,2023,,msme,2026-04-24
MSM_20480,에이비엠랩,https://www.ibkonejob.co.kr,saas,2023,,msme,2026-04-24
MSM_20481,에이비클,,saas,2023,,msme,2026-04-24
MSM_20483,반디소프트인터내셔널,https://www.bandisoft.com,saas,2023,,msme,2026-04-24
MSM_20485,올라프게임즈,https://www.inven.co.kr,gaming,2023,,msme,2026-04-24
MSM_20487,밀버스,https://www.milvus.co.kr,saas,2023,,msme,2026-04-24
MSM_20488,슈빅,https://shuvic.co.kr,logistics,2023,,msme,2026-04-24
MSM_20491,티엘케이소프트,,saas,2023,,msme,2026-04-24
MSM_20493,알티너스,http://www.korfin.kr,saas,2023,,msme,2026-04-24
MSM_20494,리얼디비젼,http://www.kihoilbo.co.kr,saas,2023,,msme,2026-04-24
MSM_20497,에스지씨앤씨,https://sgcoslab.com,saas,2023,,msme,2026-04-24
MSM_20504,유즈플레이스,https://www.114.co.kr,saas,2023,,msme,2026-04-24
MSM_20515,씨즈소프트,https://github.com,saas,2023,,msme,2026-04-24
MSM_20518,아이톡시,https://www.itoxi.co.kr,gaming,2023,,msme,2026-04-24
MSM_20522,엑스텐정보,https://www.kolonarchery.com,saas,2023,,msme,2026-04-24
MSM_20523,"아이윈 (AIWIN Co.,Ltd.)",https://www.aiwin.co.kr,saas,2023,,msme,2026-04-24
MSM_20528,프롬프트에이아이,https://blog-ko.superb-ai.com,fintech,2023,,msme,2026-04-24
MSM_20530,플린트컴퍼니,https://bizno.net,saas,2023,,msme,2026-04-24
MSM_20531,꾸러기수비대,https://www.jungle.co.kr,saas,2023,,msme,2026-04-24
MSM_20533,오스카퓨쳐라,https://ofotd.com,saas,2023,,msme,2026-04-24
MSM_20537,도피앙,https://marketbz.com,fintech,2023,,msme,2026-04-24
MSM_20542,메타존,https://m-zone.kr,gaming,2023,,msme,2026-04-24
MSM_20544,크디랩,https://www.newswire.co.kr,edtech,2023,,msme,2026-04-24
MSM_20546,한큐컴퍼니,https://www.enetnews.co.kr,saas,2023,,msme,2026-04-24
MSM_20557,앤마들린,https://linkareer.com,saas,2023,,msme,2026-04-24
MSM_20558,링키스,https://medical.visitseoul.net,healthtech,2023,,msme,2026-04-24
MSM_20561,오렌지스텝,https://blog.hsad.co.kr,gaming,2023,,msme,2026-04-24
MSM_20568,글로벌브릿지,http://fainbridge.hk,saas,2024,,msme,2026-04-24
MSM_20574,게이머리퍼블릭,https://www.ipnn.co.kr,gaming,2023,,msme,2026-04-24
MSM_20579,기대소프트,https://bbs.ruliweb.com,saas,2023,,msme,2026-04-24
MSM_20580,통하는사람들,https://home.ebs.co.kr,proptech,2023,,msme,2026-04-24
MSM_20588,솔레오,https://www.soleo.co.kr,ecommerce,2023,,msme,2026-04-24
MSM_20601,와인루트,https://www.wineroute.kr,ecommerce,2023,,msme,2026-04-24
MSM_20605,파울러스,http://www.paulus.pro,media,2023,,msme,2026-04-24
MSM_20606,마이필,https://www.fillplus.co.kr,saas,2023,,msme,2026-04-24
MSM_20610,팀리부뜨,https://www.reboott.ai,saas,2023,,msme,2026-04-24
MSM_20613,온아웃,https://corp.on-out.com,saas,2023,,msme,2026-04-24
MSM_20625,로직소프트,https://www.ggemguide.com,saas,2023,,msme,2026-04-24
MSM_20631,노드블랙,https://www.cnet.co.kr,saas,2023,,msme,2026-04-24
MSM_20634,지디엠,https://www.albamon.com,saas,2023,,msme,2026-04-24
MSM_20638,이캐슬,https://www.114.co.kr,gaming,2023,,msme,2026-04-24
MSM_20640,아이디랩스,https://www.idlabs.co.kr,ecommerce,2023,,msme,2026-04-24
MSM_20643,화림아이시티,https://moneypin.biz,saas,2023,,msme,2026-04-24
MSM_20670,코드베일리,http://www.codecp.com,saas,2023,,msme,2026-04-24
MSM_20674,한국 이.디.에스,https://www.hankookcs.com,saas,2023,,msme,2026-04-24
MSM_20678,스코어,https://www.smartscore.global,saas,2024,,msme,2026-04-24
MSM_20679,이글이비전,https://www.golfzon.com,saas,2023,,msme,2026-04-24
MSM_20689,예비창업자 이보원,https://ventureinkorea.com,saas,2023,,msme,2026-04-24
MSM_20704,오르카스튜디오,https://maily.so,saas,2023,,msme,2026-04-24
MSM_20715,우레,https://kr.gundam-official.com,gaming,2023,,msme,2026-04-24
MSM_20730,시스터스,http://www.gpzone.net,saas,2023,,msme,2026-04-24
MSM_20742,일이육,https://www.114.co.kr,gaming,2023,,msme,2026-04-24
MSM_20746,다온앤,,saas,2023,,msme,2026-04-24
MSM_20756,에이스퀘어,https://www.amsquare.ai,saas,2023,,msme,2026-04-24
MSM_20757,스쿠프,https://fatmanscoop.com,saas,2023,,msme,2026-04-24
MSM_20761,티지에스컨설팅,https://www.teamblind.com,saas,2023,,msme,2026-04-24
MSM_20775,이츠아이,https://www.i-angel.co.kr,saas,2023,,msme,2026-04-24
MSM_20780,호인스컴퍼니,,media,2023,,msme,2026-04-24
MSM_20785,엔엔소프트,https://www.nsoft.co.kr,saas,2023,,msme,2026-04-24
MSM_20789,비컴유니버스,,saas,2023,,msme,2026-04-24
MSM_20794,솔라네트웍시스템,https://moneypin.biz,saas,2023,,msme,2026-04-24
MSM_20804,약손명가 헬스케어,https://yaksonhealthcare.com,saas,2023,,msme,2026-04-24
MSM_20814,고브로,https://www.114.co.kr,ecommerce,2023,,msme,2026-04-24
MSM_20815,딜미,,saas,2023,,msme,2026-04-24
MSM_20818,마크로버,https://find.landroverkorea.co.kr,saas,2023,,msme,2026-04-24
MSM_20820,블랙스톰,http://blackstormcompany.com,gaming,2023,,msme,2026-04-24
MSM_20823,크리토,https://crypto.com,media,2023,,msme,2026-04-24
MSM_20829,모킹버드,https://www.mockingbird.co.kr,saas,2023,,msme,2026-04-24
MSM_20830,제이디리서치,,saas,2023,,msme,2026-04-24
MSM_20833,애니그마 테크놀로지스,https://www.anigma-ai.com,saas,2023,,msme,2026-04-24
MSM_20834,삼인이엔에스,https://linkonbiz.com,ecommerce,2023,,msme,2026-04-24
MSM_20849,리주비놀,https://www.evertri.com,saas,2023,,msme,2026-04-24
MSM_20854,루니젠,,saas,2023,,msme,2026-04-24
MSM_20855,아비브,https://abib.com,saas,2023,,msme,2026-04-24
MSM_20857,정율랩스,https://www.kiip.re.kr,saas,2023,,msme,2026-04-24
MSM_20859,얼라이브(ALIVE Inc.),https://www.alive.co.kr,gaming,2023,,msme,2026-04-24
MSM_20862,원더룸,https://wonderhome.kr,saas,2023,,msme,2026-04-24
MSM_20869,샤이닝,https://www.pokemonkorea.co.kr,saas,2023,,msme,2026-04-24
MSM_20871,지인씨앤아이,http://www.gincni.com,saas,2023,,msme,2026-04-24
MSM_20879,링크디앤에스,https://linktr.ee,foodtech,2023,,msme,2026-04-24
MSM_20880,데라블,https://findataatlas.com,saas,2023,,msme,2026-04-24
MSM_20888,이엘에스홀딩스,https://securities.miraeasset.com,saas,2023,,msme,2026-04-24
MSM_20893,파인스테이,http://pinecharmstay.com,saas,2023,,msme,2026-04-24
MSM_20902,코드넛,,media,2023,,msme,2026-04-24
MSM_20905,에스아카이브,https://livingdesignfair.co.kr,saas,2023,,msme,2026-04-24
MSM_20922,피티브로(PTBRO Inc.),https://www.ptbro.co.kr,healthtech,2023,,msme,2026-04-24
MSM_20928,넥사디에스,https://en-ter.co.kr,saas,2023,,msme,2026-04-24
MSM_20932,인드림헬스케어,https://www.hankyung.com,saas,2023,,msme,2026-04-24
MSM_20940,보스테크,https://www.nordisk.co.kr,saas,2023,,msme,2026-04-24
MSM_20947,가우스랩,https://linkonbiz.com,media,2024,,msme,2026-04-24
MSM_20953,아리카,http://www.shrew.co.jp,saas,2023,,msme,2026-04-24
MSM_20955,케이트코퍼레이션,https://channel.io,saas,2023,,msme,2026-04-24
MSM_20957,투베어,https://www.okmall.com,saas,2023,,msme,2026-04-24
MSM_20962,오제이 (OJ Inc.),https://www.oj.vision,saas,2023,,msme,2026-04-24
MSM_20967,핀카,https://finca.kr,saas,2023,,msme,2026-04-24
MSM_20969,비디에스,https://www.bdsic.co.kr,saas,2023,,msme,2026-04-24
MSM_20975,아이디브이,https://www.dailian.co.kr,fintech,2024,,msme,2026-04-24
MSM_20978,그리트,https://xn--ok0b236bp0a.com,saas,2023,,msme,2026-04-24
MSM_20982,에버트레져,https://www.investnews.co.kr,saas,2023,,msme,2026-04-24
MSM_20994,유에이씨티,https://www.kbsi.re.kr,saas,2023,,msme,2026-04-24
MSM_21008,지니파이,https://shop.kt.com,saas,2023,,msme,2026-04-24
MSM_21011,스위드팩토리,https://yugioh-rushduel.co.kr,media,2023,,msme,2026-04-24
MSM_21016,이오그라운드,https://linkareer.com,saas,2023,,msme,2026-04-24
MSM_21022,어플라이코리아,https://www.jinhak.com,saas,2023,,msme,2026-04-24
MSM_21024,코택트,http://pf.kakao.com,saas,2023,,msme,2026-04-24
MSM_21025,엔에프티랩,https://t.me,saas,2023,,msme,2026-04-24
MSM_21038,엠에이,https://mapgroup.co.kr,saas,2023,,msme,2026-04-24
MSM_21042,콘텐츠마당,,media,2023,,msme,2026-04-24
MSM_21043,야일,https://www.yair.co.kr,ecommerce,2023,,msme,2026-04-24
MSM_21046,이크론소프트,https://www.ecron.co.kr,saas,2023,,msme,2026-04-24
MSM_21052,에이플,http://www.apleent.com,saas,2023,,msme,2026-04-24
MSM_21053,세이브트리,https://www.savetreexp.co.kr,saas,2023,,msme,2026-04-24
MSM_21054,산호오션테크,https://touraz.kr,ecommerce,2023,,msme,2026-04-24
MSM_21056,유피에스데이터,https://www.wooriups.com,saas,2023,,msme,2026-04-24
MSM_21065,델코잇,,fintech,2023,,msme,2026-04-24
MSM_21070,에이아이빌,,saas,2023,,msme,2026-04-24
MSM_21072,모니트,https://startup.ssu.ac.kr,saas,2023,,msme,2026-04-24
MSM_21075,인스피어,https://xn--sy2btbu31bqgz3kp7cmr4ajge.site,media,2023,,msme,2026-04-24
MSM_21076,팀리미티드,https://zighang.com,saas,2023,,msme,2026-04-24
MSM_21078,아이티이즈,https://www.sankun.com,saas,2023,,msme,2026-04-24
MSM_21081,오프라이트,https://trmm.gsfc.nasa.gov,saas,2023,,msme,2026-04-24
MSM_21082,씨씨케이솔루션,https://www.nipa.kr,saas,2023,,msme,2026-04-24
MSM_21083,파더스랩,,saas,2023,,msme,2026-04-24
MSM_21085,엘에프오,https://gall.dcinside.com,saas,2023,,msme,2026-04-24
MSM_21088,"시선아이지(SISUN IG CO.,LTD.)",https://www.sisunig.co.kr,saas,2023,,msme,2026-04-24
MSM_21099,타입비,http://www.daebong19.co.kr,saas,2023,,msme,2026-04-24
MSM_21109,오드아이,https://hanteonews.com,saas,2023,,msme,2026-04-24
MSM_21112,엠씨비글로벌컨설팅,https://www.mcbglobal.pro,saas,2023,,msme,2026-04-24
MSM_21127,스페이셜코어,https://spacecore.co.kr,saas,2023,,msme,2026-04-24
MSM_21128,유원랩,https://uicf.kangwon.ac.kr,media,2023,,msme,2026-04-24
MSM_21129,버스크,https://www.buskfulfillment.com,logistics,2023,,msme,2026-04-24
MSM_21142,커리어넷,https://www.career.co.kr,saas,2023,,msme,2026-04-24
MSM_21144,다인랩,https://www.wavemhotel.co.kr,gaming,2023,,msme,2026-04-24
MSM_21145,팔네트웍스,http://www.palnet.co.kr,saas,2024,,msme,2026-04-24
MSM_21149,아이콩 스튜디오,http://www.ikongstudio.com,saas,2023,,msme,2026-04-24
MSM_21150,예비창업자 NIELSEN YOUNGJU LEE,https://conference.hcikorea.org,saas,2023,,msme,2026-04-24
MSM_21157,파이시스소프트,https://www.piscesoft.com,logistics,2023,,msme,2026-04-24
MSM_21175,오픈포맷,https://tech.hancom.com,saas,2023,,msme,2026-04-24
MSM_21180,나눔비타민,https://www.nanumnavi.com,saas,2023,,msme,2026-04-24
MSM_21184,아스타,https://astar.network,saas,2023,,msme,2026-04-24
MSM_21201,모티버,https://www.thedrive.co.kr,media,2023,,msme,2026-04-24
MSM_21216,티스닥,https://www.golfjournal.co.kr,saas,2023,,msme,2026-04-24
MSM_21217,테이바소프트,https://www.teyvat.io,saas,2024,,msme,2026-04-24
MSM_21221,에스앤제이랩,,fintech,2023,,msme,2026-04-24
MSM_21222,해리지앤디,https://www.harrygnd.co.kr,saas,2023,,msme,2026-04-24
MSM_21228,데이탄소프트,https://heroes.nexon.com,saas,2023,,msme,2026-04-24
MSM_21229,메타본,https://bizno.net,saas,2023,,msme,2026-04-24
MSM_21239,모카앤제이에스,https://www.jobplanet.co.kr,saas,2023,,msme,2026-04-24
MSM_21257,플랜바이테크놀로지스,https://planby.us,saas,2023,,msme,2026-04-24
MSM_21260,덴투바이오,http://www.biodent.co.kr,saas,2023,,msme,2026-04-24
MSM_21262,알파필드,https://dawnfield.co.kr,healthtech,2024,,msme,2026-04-24
MSM_21265,켄우홀딩스,https://bizno.net,saas,2023,,msme,2026-04-24
MSM_21266,래티스,https://www.latticesemi.com,saas,2023,,msme,2026-04-24
MSM_21273,로비고스,https://www.rovigos.com,logistics,2023,,msme,2026-04-24
MSM_21283,플레이스인,https://www.twosome.co.kr,saas,2023,,msme,2026-04-24
MSM_21284,플루닛,https://www.aitimes.com,saas,2023,,msme,2026-04-24
MSM_21292,신디스쿨,https://sindyschool.com,saas,2023,,msme,2026-04-24
MSM_21295,리얼드로우,https://www.realdraw.ai,saas,2023,,msme,2026-04-24
MSM_21309,보고코리아,https://www.vogo-fund.com,edtech,2023,,msme,2026-04-24
MSM_21311,예비창업자 유정호,https://ventureinkorea.com,saas,2023,,msme,2026-04-24
MSM_21314,비엔시스템,http://bnsys.keshsurvey.com,saas,2024,,msme,2026-04-24
MSM_21315,비유바움,https://bubaum.com,saas,2023,,msme,2026-04-24
MSM_21317,테파로보틱스,https://www.tefarobotics.com,saas,2023,,msme,2026-04-24
MSM_21318,마이스맥스,https://www.mysmax.kr,saas,2023,,msme,2026-04-24
MSM_21320,박스레더,https://www.boxladder.co.kr,saas,2023,,msme,2026-04-24
MSM_21321,모놀리,https://monoly.com,saas,2023,,msme,2026-04-24
MSM_21324,더치스토어,https://bordincoffee.com,saas,2023,,msme,2026-04-24
MSM_21334,예비창업자 김지영,https://www.fnnews.com,saas,2023,,msme,2026-04-24
MSM_21336,"더키(The KIE Co.,Ltd.)",https://www.thekie.co.kr,saas,2023,,msme,2026-04-24
MSM_21337,다펫,https://www.kdsn.co.kr,saas,2023,,msme,2026-04-24
MSM_21338,에이특공대,https://ktena.co.kr,saas,2023,,msme,2026-04-24
MSM_21339,비앤오소프트,http://www.bnosoft.co.kr,saas,2023,,msme,2026-04-24
MSM_21347,스카이코드개발,https://moneypin.biz,edtech,2023,,msme,2026-04-24
MSM_21350,휴트리온,https://bbs.ruliweb.com,saas,2023,,msme,2026-04-24
MSM_21353,데이타시스템뱅크,https://www.dsb21.co.kr,saas,2023,,msme,2026-04-24
MSM_21354,노바소프트,http://www.nova-soft.co.kr,saas,2023,,msme,2026-04-24
MSM_21356,예비창업자 이종석,https://ventureinkorea.com,saas,2023,,msme,2026-04-24
MSM_21364,포들러스,http://www.kmnanews.com,healthtech,2024,,msme,2026-04-24
MSM_21367,핏미,https://www.lens-me.com,healthtech,2023,,msme,2026-04-24
MSM_21372,주식다방,https://www.starbucks.co.kr,saas,2023,,msme,2026-04-24
MSM_21375,초이웍스,https://hks-power.co.kr,saas,2023,,msme,2026-04-24
MSM_21379,한국프로퍼티,https://www.newswire.co.kr,saas,2023,,msme,2026-04-24
MSM_21388,인디니티,https://groupby.careers,saas,2023,,msme,2026-04-24
MSM_21394,교육을품다,https://www.segye.com,edtech,2023,,msme,2026-04-24
MSM_21404,크랜베리,https://www.cberry.co.kr,saas,2023,,msme,2026-04-24
MSM_21420,미디어카트,https://www.gametoc.co.kr,saas,2023,,msme,2026-04-24
MSM_21422,리버티랩스(Liberty Labs Corp.),https://www.libertylabs.co.kr,saas,2023,,msme,2026-04-24
MSM_21427,씨나몬,https://www.pokemonkorea.co.kr,saas,2023,,msme,2026-04-24
MSM_21429,피카디,https://www.fikad.boo,saas,2023,,msme,2026-04-24
MSM_21430,위페어,https://www.wepair.kr,saas,2023,,msme,2026-04-24
MSM_21431,팩토스퀘어,https://factosquare.com,saas,2023,,msme,2026-04-24
MSM_21432,네오시스템,http://www.neonixsystem.com,saas,2024,,msme,2026-04-24
MSM_21433,스마트아진,https://www.wamc.co.kr,saas,2023,,msme,2026-04-24
MSM_21442,유니온모바일,http://www.enewstoday.co.kr,saas,2023,,msme,2026-04-24
MSM_21443,트라이즈솔루션즈,https://trizesolutions.co.kr,saas,2023,,msme,2026-04-24
MSM_21448,스포트라이트글로벌,https://spotlite.global,saas,2023,,msme,2026-04-24
MSM_21452,젯슨에이아이,https://www.epnc.co.kr,saas,2023,,msme,2026-04-24
MSM_21454,에스앤디인포,https://www.cnthoth.com,saas,2023,,msme,2026-04-24
MSM_21457,벨루가,https://belugatech.io,gaming,2024,,msme,2026-04-24
MSM_21461,해피블록,https://www.happychang.kr,saas,2023,,msme,2026-04-24
MSM_21463,"젠아이피(GenIP Co.,Ltd.)",https://www.genip.co.kr,saas,2023,,msme,2026-04-24
MSM_21470,쎄스,https://www3.sas.com,media,2023,,msme,2026-04-24
MSM_21488,에스엠유,http://www.smucorp.co.kr,saas,2023,,msme,2026-04-24
MSM_21495,모모프로젝트코리아,https://moneypin.biz,saas,2023,,msme,2026-04-24
MSM_21501,아파트아이,https://www.apti.co.kr,saas,2023,,msme,2026-04-24
MSM_21508,열공온,http://pf.kakao.com,edtech,2024,,msme,2026-04-24
MSM_21523,에이뉴트,https://www.datanet.co.kr,saas,2023,,msme,2026-04-24
MSM_21526,곰블,https://gomble.io,gaming,2023,,msme,2026-04-24
MSM_21528,클럼엘,https://www.cluml.com,saas,2023,,msme,2026-04-24
MSM_21537,언커먼랩,https://coinness.com,saas,2023,,msme,2026-04-24
MSM_21538,인사이저,https://incizor.com,saas,2023,,msme,2026-04-24
MSM_21544,아펠레스,https://www.tiktag.co.kr,saas,2023,,msme,2026-04-24
MSM_21547,아이비엠에스,http://i-bms.co.kr,proptech,2023,,msme,2026-04-24
MSM_21553,비에스앤진홀딩스,http://www.vsgroup.co.kr,saas,2023,,msme,2026-04-24
MSM_21559,주피터랩스,https://www.jupiterlabs.co.kr,saas,2023,,msme,2026-04-24
MSM_21560,디오디,https://www.dayonedream.com,saas,2023,,msme,2026-04-24
MSM_21571,에스아이네트,http://www.sinet.co.kr,proptech,2023,,msme,2026-04-24
MSM_21574,플랜티엠,https://www.plantym.com,ecommerce,2023,,msme,2026-04-24
MSM_21580,알지비에이,,saas,2023,,msme,2026-04-24
MSM_21593,안드레이아,https://guide.ff14.co.kr,saas,2023,,msme,2026-04-24
MSM_21594,엘엔디씨,https://www.lan-dup.com,proptech,2023,,msme,2026-04-24
MSM_21598,컴퍼니제이,http://j-company.co.kr,saas,2023,,msme,2026-04-24
MSM_21613,일일일,https://www.finereport.com,saas,2023,,msme,2026-04-24
MSM_21616,바인드소프트,https://revind.io,edtech,2023,,msme,2026-04-24
MSM_21620,에스엠디,https://smdtled.co.kr,saas,2023,,msme,2026-04-24
MSM_21624,메디이미지,https://www.brainmedi-ai.com,healthtech,2023,,msme,2026-04-24
MSM_21628,볼라,https://kr.ufc.com,saas,2023,,msme,2026-04-24
MSM_21629,모자키,https://kr.forums.blizzard.com,saas,2023,,msme,2026-04-24
MSM_21631,매그넘브릿지,https://www.magnumbridge.co.kr,saas,2024,,msme,2026-04-24
MSM_21633,하이웹넷,https://www.hicare.net,saas,2023,,msme,2026-04-24
MSM_21647,바이오링크,https://biolinkinc.co.kr,saas,2023,,msme,2026-04-24
MSM_21648,이노플릭,,saas,2023,,msme,2026-04-24
MSM_21654,어썸엔터테인먼트,http://www.awesomeent.co.kr,media,2023,,msme,2026-04-24
MSM_21658,에이치큐브솔루션,http://hcubesolutions.com,logistics,2023,,msme,2026-04-24
MSM_21663,제이원소프트,http://www.j1soft.co.kr,saas,2024,,msme,2026-04-24
MSM_21664,마이딜,https://mideal.kr,saas,2023,,msme,2026-04-24
MSM_21665,알리머,http://pdf.opticnews.co.kr,saas,2023,,msme,2026-04-24
MSM_21666,수주아이티씨,http://www.sujuitc.co.kr,saas,2023,,msme,2026-04-24
MSM_21667,움파룸파,https://thewatermelon.com,saas,2023,,msme,2026-04-24
MSM_21674,휴버텍,http://www.huevertech.com,saas,2023,,msme,2026-04-24
MSM_21684,앵커노드,https://www.anchornode.io,gaming,2023,,msme,2026-04-24
MSM_21685,삼인시스템,https://www.grandculture.net,edtech,2023,,msme,2026-04-24
MSM_21687,시그마케이,https://bbs.ruliweb.com,media,2023,,msme,2026-04-24
MSM_21695,구스랩스 (Goose Labs Inc.),https://www.gooselabs.co.kr,saas,2023,,msme,2026-04-24
MSM_21700,폴리매스솔루션,https://www.polymath.network,saas,2023,,msme,2026-04-24
MSM_21703,하이브마인드,https://www.spotvnews.co.kr,saas,2023,,msme,2026-04-24
MSM_21707,비밍 (Viming),https://www.viming.co.kr,saas,2023,,msme,2026-04-24
MSM_21710,레그,https://legpill.kr,gaming,2023,,msme,2026-04-24
MSM_21716,메가인포아이티,https://www.mega-info.co.kr,saas,2023,,msme,2026-04-24
MSM_21721,캣제랩스,https://bizno.net,saas,2023,,msme,2026-04-24
MSM_21722,와이엠스타,https://www.bodnara.co.kr,saas,2023,,msme,2026-04-24
MSM_21727,코눈,https://conyou.co.kr,saas,2024,,msme,2026-04-24
MSM_21728,클레버러스,https://www.cleverus-ai.com,saas,2023,,msme,2026-04-24
MSM_21734,터플리,https://issuu.com,healthtech,2023,,msme,2026-04-24
MSM_21737,인비토,https://www.invitobiz.com,saas,2023,,msme,2026-04-24
MSM_21738,디지털알엑스솔루션,https://www.yakup.com,healthtech,2023,,msme,2026-04-24
MSM_21739,다이버스,https://www.mauidivers.com,saas,2023,,msme,2026-04-24
MSM_21748,놀던친구들,https://program.imbc.com,saas,2023,,msme,2026-04-24
MSM_21755,이에이치티엔(EHTN),https://www.ehtn.co.kr,ecommerce,2023,,msme,2026-04-24
MSM_21758,커넥티드파킹,https://www.genesis.com,saas,2023,,msme,2026-04-24
MSM_21761,커머스코리아,https://livecommercekorea.kr,saas,2024,,msme,2026-04-24
MSM_21768,팀플로우,http://www.flowtech21.co.kr,saas,2023,,msme,2026-04-24
MSM_21788,브래키츠,https://marketbz.com,saas,2023,,msme,2026-04-24
MSM_21791,알리제,https://guide.ff14.co.kr,saas,2023,,msme,2026-04-24
MSM_21795,에잇블룸,https://www.ssfshop.com,saas,2024,,msme,2026-04-24
MSM_21811,알렌의서재,https://www.allenslibrary.com,edtech,2023,,msme,2026-04-24
MSM_21820,더그릿,https://spiri7.com,saas,2023,,msme,2026-04-24
MSM_21825,랜더스시스템,https://www.landerssystem.com,saas,2023,,msme,2026-04-24
MSM_21826,캐럿게임즈,https://gm.floor.line.games,gaming,2023,,msme,2026-04-24
MSM_21838,와이와이소프트,http://www.yysoft.kr,foodtech,2023,,msme,2026-04-24
MSM_21839,그레이박스,https://ilum.co.kr,saas,2023,,msme,2026-04-24
MSM_21842,데이터랩스,https://bc-labs.net,saas,2023,,msme,2026-04-24
MSM_21843,템스,https://tumsmall.com,saas,2023,,msme,2026-04-24
MSM_21846,심플컴퍼니,https://creative-ez.com,saas,2023,,msme,2026-04-24
MSM_21850,스테이시스필드,https://www.startupn.kr,gaming,2023,,msme,2026-04-24
MSM_21854,휴런,https://iheuron.com,edtech,2023,,msme,2026-04-24
MSM_21856,슈퍼레이블,https://super-label.com,saas,2024,,msme,2026-04-24
MSM_21865,컨두잇,https://kingsley.co.kr,saas,2023,,msme,2026-04-24
MSM_21866,예비창업자 권구인,https://www.siminilbo.co.kr,saas,2023,,msme,2026-04-24
MSM_21875,이음네트워크,https://spectrummap.kr,saas,2023,,msme,2026-04-24
MSM_21876,슈퍼래빗게임즈,https://www.114.co.kr,gaming,2023,,msme,2026-04-24
MSM_21877,스페이스맵,https://www.spacemap42.com,saas,2023,,msme,2026-04-24
MSM_21885,바스켓랩스,https://ocolabs.co.kr,saas,2023,,msme,2026-04-24
MSM_21901,알에스컴퍼니,https://rscom.kr,saas,2023,,msme,2026-04-24
MSM_21904,영길이,https://www.114.co.kr,saas,2023,,msme,2026-04-24
MSM_21910,에스제이이노비전,https://bizno.net,saas,2024,,msme,2026-04-24
MSM_21914,진앤현시큐리티,https://choiwonjae17464.imweb.me,ecommerce,2023,,msme,2026-04-24
MSM_21916,넷원시스템,,saas,2023,,msme,2026-04-24
MSM_21918,메디브(Mediv),https://www.mediv.co.kr,healthtech,2024,,msme,2026-04-24
MSM_21919,에이전,https://www.masstige.biz,saas,2023,,msme,2026-04-24
MSM_21921,닦다,https://wiperth.me,saas,2023,,msme,2026-04-24
MSM_21928,디티나우,https://www.innoforest.co.kr,saas,2023,,msme,2026-04-24
MSM_21934,절세로봇,https://www.taxrobot.co.kr,saas,2023,,msme,2026-04-24
MSM_21935,오키코리아,http://www.oky.co.kr,saas,2023,,msme,2026-04-24
MSM_21939,에이섹,http://aesec.kr,saas,2024,,msme,2026-04-24
MSM_21944,이노바일,https://www.innovinekorea.com,saas,2023,,msme,2026-04-24
MSM_21946,인터갤러틱,https://www.gameinsight.co.kr,saas,2023,,msme,2026-04-24
MSM_21951,무버스,https://www.greencar.co.kr,saas,2024,,msme,2026-04-24
MSM_21952,짐싸,https://www.zimssa.com,proptech,2023,,msme,2026-04-24
MSM_21956,씨에이치소프트,https://www.chsoft.co.kr,saas,2023,,msme,2026-04-24
MSM_21970,트랙팜,https://www.stpharm.co.kr,saas,2023,,msme,2026-04-24
MSM_21978,레드스피어,https://www.nike.com,saas,2023,,msme,2026-04-24
MSM_21979,루나랩스,https://www.lunalabs.net,saas,2023,,msme,2026-04-24
MSM_21980,달파,https://dalpha.so,saas,2023,,msme,2026-04-24
MSM_21981,마켓위즈,https://www.koreabaseball.com,saas,2023,,msme,2026-04-24
MSM_21991,에코벨,https://ecobell.co.kr,saas,2023,,msme,2026-04-24
MSM_21992,에스티비인텔리전스,https://www.news2day.co.kr,saas,2023,,msme,2026-04-24
MSM_21996,아이리브,https://www.iriver.co.kr,saas,2023,,msme,2026-04-24
MSM_21999,레디츠,https://myfactory.co.kr,saas,2023,,msme,2026-04-24
MSM_22008,폰비,https://www.phoneb.co.kr,ecommerce,2023,,msme,2026-04-24
MSM_22012,페텔,https://www.petel.co.kr,saas,2023,,msme,2026-04-24
MSM_22013,케이컬쳐랩,https://www.joongang.co.kr,media,2023,,msme,2026-04-24
MSM_22020,라츠온,http://www.lots-on.co.kr,saas,2023,,msme,2026-04-24
MSM_22022,노버스바이오,https://nanuhm.com,saas,2023,,msme,2026-04-24
MSM_22023,포디아트,https://www.fourdart.net,saas,2023,,msme,2026-04-24
MSM_22026,미래산업기술,http://mreit.co.kr,saas,2023,,msme,2026-04-24
MSM_22030,메타씨티,https://www.teamblind.com,saas,2023,,msme,2026-04-24
MSM_22034,피큐아이넷,https://hiseoul.sba.kr,saas,2023,,msme,2026-04-24
MSM_22040,요즘피플,https://peoplekorea.shop,saas,2024,,msme,2026-04-24
MSM_22050,아이나플레이스,https://www.ishopcare.co.kr,saas,2023,,msme,2026-04-24
MSM_22054,어헤드코리아,https://weseb.com,saas,2023,,msme,2026-04-24
MSM_22057,코워크위더스,,saas,2023,,msme,2026-04-24
MSM_22058,와이폴라리스,https://ypolaris.com,saas,2023,,msme,2026-04-24
MSM_22061,데브랩,http://www.dev-lab.co.kr,saas,2023,,msme,2026-04-24
MSM_22064,아인즈랩,https://marketbz.com,saas,2023,,msme,2026-04-24
MSM_22066,피지랩스,https://www.mydaily.co.kr,saas,2024,,msme,2026-04-24
MSM_22069,디엘,https://www.dlit.co.kr,saas,2023,,msme,2026-04-24
MSM_22084,뉴핀,https://linkareer.com,saas,2023,,msme,2026-04-24
MSM_22085,제노드,http://xenod.co.kr,saas,2023,,msme,2026-04-24
MSM_22087,루텍,https://www.rutec.co.kr,saas,2023,,msme,2026-04-24
MSM_22099,에크네,https://linkareer.com,media,2023,,msme,2026-04-24
MSM_22100,원니스코리아,,saas,2023,,msme,2026-04-24
MSM_22102,모비텍,http://mobione.co.kr,saas,2023,,msme,2026-04-24
MSM_22109,솜,http://www.arasom.kr,media,2023,,msme,2026-04-24
MSM_22112,브리즈스튜디오,https://breeze-studio.co.kr,gaming,2023,,msme,2026-04-24
MSM_22121,게더링,https://magic.wizards.com,saas,2023,,msme,2026-04-24
MSM_22122,이커머스,https://koefa.com,saas,2023,,msme,2026-04-24
MSM_22124,마크애니,http://www.markany.com,media,2024,,msme,2026-04-24
MSM_22137,아티코디자인,https://linkonbiz.com,saas,2023,,msme,2026-04-24
MSM_22141,하피챗,,saas,2023,,msme,2026-04-24
MSM_22142,유알피,https://www.urpai.co.kr,saas,2023,,msme,2026-04-24
MSM_22146,한솔루션,https://www.newzensolution.co.kr,saas,2023,,msme,2026-04-24
MSM_22153,시뮬레이션랩,https://bizno.net,saas,2023,,msme,2026-04-24
MSM_22155,티티유,https://ttuprivateequity.com,saas,2023,,msme,2026-04-24
MSM_22156,튜터러스랩스(Tutorus Labs Inc.),https://www.tutoruslabs.co.kr,edtech,2023,,msme,2026-04-24
MSM_22157,디비엠파트너스,https://www.bworld.co.kr,saas,2023,,msme,2026-04-24
MSM_22164,신지게임즈,https://www.khgames.co.kr,gaming,2023,,msme,2026-04-24
MSM_22173,그랜드엔터프라이즈,https://www.albamon.com,saas,2023,,msme,2026-04-24
MSM_22175,콩벤처스,https://www.innoforest.co.kr,saas,2023,,msme,2026-04-24
MSM_22176,데브릭스,https://www.nike.com,saas,2024,,msme,2026-04-24
MSM_22183,위지온,https://www.wiezon.com,saas,2023,,msme,2026-04-24
MSM_22185,수장고,,saas,2023,,msme,2026-04-24
MSM_22194,"디윅스(Dweax Co.,Ltd)",https://www.dweax.co.kr,saas,2023,,msme,2026-04-24
MSM_22197,언택트에듀,https://www.untactedu.co.kr,edtech,2023,,msme,2026-04-24
MSM_22200,루멘테라,https://www.platpharm.co.kr,saas,2023,,msme,2026-04-24
MSM_22205,코드네임봄,http://www.gamejob.co.kr,gaming,2023,,msme,2026-04-24
MSM_22216,티앤씨플랫폼,https://tncfoundation.org,saas,2024,,msme,2026-04-24
MSM_22218,나라지식정보,https://www.narainformation.com,saas,2024,,msme,2026-04-24
MSM_22220,스튜디오엘비,http://www.dailyinvest.kr,gaming,2023,,msme,2026-04-24
MSM_22227,예비창업자 공혜원,https://ventureinkorea.com,saas,2023,,msme,2026-04-24
MSM_22245,티움앤코,https://www.funding4u.co.kr,healthtech,2023,,msme,2026-04-24
MSM_22247,디엑스알,https://www.txr.kr,saas,2024,,msme,2026-04-24
MSM_22256,슈퍼잼,https://jamjamedu.com,gaming,2023,,msme,2026-04-24
MSM_22261,피봇브릿지,https://www.sentv.co.kr,fintech,2023,,msme,2026-04-24
MSM_22265,넥서스에이아이,https://linkareer.com,saas,2023,,msme,2026-04-24
MSM_22267,디어소프트,https://imweb.me,saas,2023,,msme,2026-04-24
MSM_22268,메타스카이,https://metaspace.co.kr,gaming,2023,,msme,2026-04-24
MSM_22287,글로벌로그온,https://loma.co.kr,saas,2023,,msme,2026-04-24
MSM_22289,주)픽스코프,http://www.fixcope.com,media,2023,,msme,2026-04-24
MSM_22292,하이퍼오토메이션,http://www.hyper-automation.co.kr,saas,2023,,msme,2026-04-24
MSM_22293,윗치박스,https://www.witchbox.kr,edtech,2024,,msme,2026-04-24
MSM_22301,폴리아트,https://www.artpoli.com,media,2023,,msme,2026-04-24
MSM_22305,아보엠디코리아,https://zighang.com,saas,2023,,msme,2026-04-24
MSM_22310,택사스소프트,http://www.mediatribune.co.kr,saas,2023,,msme,2026-04-24
MSM_22313,텔라디아,https://www.asiaa.co.kr,logistics,2023,,msme,2026-04-24
MSM_22314,코드팩토리,https://www.codelabit.co.kr,saas,2023,,msme,2026-04-24
MSM_22315,디지털메딕,https://www.nextround.kr,healthtech,2023,,msme,2026-04-24
MSM_22319,인스펙터,https://welloffmap.com,saas,2023,,msme,2026-04-24
MSM_22320,공도,,media,2024,,msme,2026-04-24
MSM_22324,투스카이,https://www.skylife.co.kr,saas,2023,,msme,2026-04-24
MSM_22327,마이디포,https://www.officedepot.co.kr,saas,2023,,msme,2026-04-24
MSM_22328,아틱,https://www.arcticmonkeys.com,saas,2023,,msme,2026-04-24
MSM_22332,휴매니존,https://www.humanizone.co.kr,saas,2023,,msme,2026-04-24
